"Conservation Feature","Feature Name","Target","Amount Held","Occurrence Target ","Occurrences Held","Separation Target ","Separation Achieved","Target Met","MPM"
2000968,Volcanicsuccessionsdominatedbywoodland100,8968015.780000,10434811.000000,0,11,0,0,yes,1.000000
2000967,Volcanicsuccessionsdominatedbyscrub100,22860710.560000,23343208.000000,0,28,0,0,yes,1.000000
2000966,Volcanicsuccessionsdominatedbygrass100,731769.080000,845640.000000,0,3,0,0,yes,1.000000
2000965,Urban100,0.000000,27491.000000,0,1,0,0,,1.000000
2000964,TimberPlantation100,10118765.840000,11115767.000000,0,9,0,0,yes,1.000000
2000961,Swampwoodland100,94917804.080000,119569617.000000,0,141,0,0,yes,1.000000
2000960,Swampgrassland100,2731165.600000,3361584.000000,0,5,0,0,yes,1.000000
2000957,SwampforestwithCampnosperma100,15142310.720000,16860914.000000,0,33,0,0,yes,1.000000
2000955,Swamp100,55623349.920000,57088675.000000,0,83,0,0,yes,1.000000
2000953,SeralForestVolcanicsuccessions100,27412781.520000,52348013.000000,0,52,0,0,yes,1.000000
2000952,Scrub100,3883653.060000,4413171.000000,0,15,0,0,yes,1.000000
2000947,RiverinesuccessionswithEucalyptusdeglupta100,24485008.200000,24752847.000000,0,62,0,0,yes,1.000000
2000944,Riverinesuccessionsdominatedbywoodland100,1237214.440000,1522874.000000,0,4,0,0,yes,1.000000
2000941,Oilpalm100,0.000000,68914854.000000,0,86,0,0,,1.000000
2000940,Mixedforest100,4956992.600000,5610400.000000,0,6,0,0,yes,1.000000
2000938,Mangrove100,45769455.640000,45776424.000000,0,129,0,0,yes,1.000000
2000937,Lakesandlargerrivers100,3494124.580000,5734662.000000,0,45,0,0,yes,1.000000
2000936,Herbaceousswamp100,22134501.840000,39684641.000000,0,52,0,0,yes,1.000000
2000935,Grasslands100,573343.020000,1006544.000000,0,4,0,0,yes,1.000000
2000934,Grasslandwithsomeforest100,10700492.240000,11657679.000000,0,14,0,0,yes,1.000000
2000933,Grasslandrevertingtoforest100,462012.060000,601049.000000,0,2,0,0,yes,1.000000
2000931,ForestwithCasuarinaequisetifoliaLittoral100,568292.660000,668023.000000,0,4,0,0,yes,1.000000
2000928,ForestVerySmallCrownLowMontane1000mNotho100,28448717.320000,73328077.000000,0,66,0,0,yes,1.000000
2000926,ForestVerySmallCrownLowMontane1000m100,41197124.760000,42719985.000000,0,54,0,0,yes,1.000000
2000925,ForestSmallCrownLowMontane1000mwNothofag100,4637271.220000,6392504.000000,0,5,0,0,yes,1.000000
2000923,ForestSmallCrownLowMontane1000m100,155167616.280000,155447020.000000,0,177,0,0,yes,1.000000
2000920,ForestSmallCrownLowAltUplands1000m100,308177647.980000,308860525.000000,0,219,0,0,yes,1.000000
2000919,ForestSmallCrownLowAltPlains1000m100,2834048.580000,2933466.000000,0,7,0,0,yes,1.000000
2000918,ForestSmallCrown100,93703916.700000,95979559.000000,0,79,0,0,yes,1.000000
2000917,ForestOpenLowAltPlains1000m100,155153306.360000,155339269.000000,0,184,0,0,yes,1.000000
2000915,ForestMediumCrownLowAltUplands1000m100,3269326579.060000,3269396214.000000,0,2149,0,0,yes,1.000000
2000914,ForestLargeCrownLowAltUplands1000m100,118445695.620000,118454979.000000,0,108,0,0,yes,1.000000
2000913,ForestLargecrownLowAltPlains1000m100,181585292.600000,182646518.000000,0,198,0,0,yes,1.000000
2000911,Cultivatedland100,0.000000,3332815.000000,0,5,0,0,,1.000000
2000905,RiverinesuccessionswithEucalyptusdeglupta90,1508090.060000,3961770.000000,0,9,0,0,yes,1.000000
2000904,Oilpalm90,0.000000,1215.000000,0,1,0,0,,1.000000
2000896,ForestSmallCrownLowAltUplands1000m90,19617706.240000,19919990.000000,0,15,0,0,yes,1.000000
2000894,ForestOpenLowAltPlains1000m90,49221104.020000,50656317.000000,0,32,0,0,yes,1.000000
2000892,ForestMediumCrownLowAltUplands1000m90,668708594.220000,668709477.000000,0,541,0,0,yes,1.000000
2000891,ForestLargeCrownLowAltUplands1000m90,34750403.800000,34790350.000000,0,38,0,0,yes,1.000000
2000890,ForestLargecrownLowAltPlains1000m90,27062255.460000,27228280.000000,0,37,0,0,yes,1.000000
2000879,RiverinesuccessionswithEucalyptusdeglupta80,1723513.720000,2415615.000000,0,7,0,0,yes,1.000000
2000877,Oilpalm80,0.000000,0.000000,0,0,0,0,,1.000000
2000866,ForestSmallCrownLowAltUplands1000m80,3115334.660000,3757518.000000,0,4,0,0,yes,1.000000
2000863,ForestOpenLowAltPlains1000m80,46636626.660000,46703325.000000,0,61,0,0,yes,1.000000
2000861,ForestMediumCrownLowAltUplands1000m80,365187871.160000,365230642.000000,0,344,0,0,yes,1.000000
2000860,ForestLargeCrownLowAltUplands1000m80,10760328.840000,11010737.000000,0,14,0,0,yes,1.000000
2000859,ForestLargecrownLowAltPlains1000m80,32893028.000000,32959323.000000,0,33,0,0,yes,1.000000
2000857,Cultivatedland80,0.000000,0.000000,0,0,0,0,,1.000000
2000851,Volcanicsuccessionsdominatedbywoodland50,90508.680000,186108.000000,0,4,0,0,yes,1.000000
2000850,Volcanicsuccessionsdominatedbyscrub50,933537.660000,2425890.000000,0,18,0,0,yes,1.000000
2000849,Volcanicsuccessionsdominatedbygrass50,299823.900000,538489.000000,0,4,0,0,yes,1.000000
2000848,Urban50,0.000000,20324.000000,0,1,0,0,,1.000000
2000847,TimberPlantation50,0.000000,10314.000000,0,1,0,0,,1.000000
2000844,Swampwoodland50,356892.900000,420754.000000,0,20,0,0,yes,1.000000
2000843,Swampgrassland50,67046.640000,130438.000000,0,3,0,0,yes,1.000000
2000840,SwampforestwithCampnosperma50,21054.160000,27320.000000,0,3,0,0,yes,1.000000
2000838,Swamp50,111377.200000,111668.000000,0,5,0,0,yes,1.000000
2000836,SeralForestVolcanicsuccessions50,52423.580000,60170.000000,0,5,0,0,yes,1.000000
2000830,RiverinesuccessionswithEucalyptusdeglupta50,532972.440000,594885.000000,0,24,0,0,yes,1.000000
2000824,Oilpalm50,0.000000,1231222.000000,0,27,0,0,,1.000000
2000823,Mixedforest50,2685.320000,6644.000000,0,2,0,0,yes,1.000000
2000821,Mangrove50,220383.240000,225368.000000,0,24,0,0,yes,1.000000
2000820,Landuse0450,0.000000,573621.000000,0,19,0,0,,1.000000
2000819,Lakesandlargerrivers50,128946.020000,370797.000000,0,16,0,0,yes,1.000000
2000818,Herbaceousswamp50,1615869.040000,2152906.000000,0,27,0,0,yes,1.000000
2000817,Grasslands50,188816.280000,234178.000000,0,3,0,0,yes,1.000000
2000816,Grasslandwithsomeforest50,2346094.180000,2450790.000000,0,12,0,0,yes,1.000000
2000815,Grasslandrevertingtoforest50,12411.360000,32316.000000,0,1,0,0,yes,1.000000
2000810,ForestVerySmallCrownLowMontane1000mNotho50,57206.700000,168255.000000,0,13,0,0,yes,1.000000
2000808,ForestVerySmallCrownLowMontane1000m50,299605.960000,707714.000000,0,17,0,0,yes,1.000000
2000807,ForestSmallCrownLowMontane1000mwNothofag50,9278.260000,16572.000000,0,1,0,0,yes,1.000000
2000805,ForestSmallCrownLowMontane1000m50,246787.640000,580272.000000,0,32,0,0,yes,1.000000
2000802,ForestSmallCrownLowAltUplands1000m50,111907.600000,247007.000000,0,10,0,0,yes,1.000000
2000801,ForestSmallCrownLowAltPlains1000m50,18446.360000,22889.000000,0,3,0,0,yes,1.000000
2000800,ForestSmallCrown50,14156.920000,17327.000000,0,3,0,0,yes,1.000000
2000799,ForestOpenLowAltPlains1000m50,4683025.700000,4685232.000000,0,96,0,0,yes,1.000000
2000797,ForestMediumCrownLowAltUplands1000m50,58983546.800000,59091520.000000,0,439,0,0,yes,1.000000
2000796,ForestLargeCrownLowAltUplands1000m50,16805275.540000,17014356.000000,0,34,0,0,yes,1.000000
2000795,ForestLargecrownLowAltPlains1000m50,1183658.320000,1184555.000000,0,70,0,0,yes,1.000000
2000793,Cultivatedland50,0.000000,79816.000000,0,2,0,0,,1.000000
2000792,Bare10,0.000000,0.000000,0,0,0,0,,1.000000
2000791,TimberPlantation40,0.000000,0.000000,0,0,0,0,,1.000000
2000784,ForestOpenLowAltPlains1000m40,0.000000,8799125.000000,0,12,0,0,,1.000000
2000782,ForestMediumCrownLowAltUplands1000m40,0.000000,8654715.000000,0,16,0,0,,1.000000
2000781,ForestLargecrownLowAltPlains1000m40,0.000000,0.000000,0,0,0,0,,1.000000
2000774,Oilpalm20,0.000000,1409208.000000,0,3,0,0,,1.000000
2000767,ForestLargeCrownLowAltUplands1000m20,0.000000,5661908.000000,0,9,0,0,,1.000000
2000766,ForestLargecrownLowAltPlains1000m20,0.000000,5730339.000000,0,8,0,0,,1.000000
2000764,Bare10,0.000000,0.000000,0,0,0,0,,1.000000
2000763,Oilpalm10,0.000000,0.000000,0,0,0,0,,1.000000
2000762,ForestMediumCrownLowAltUplands1000m10,0.000000,7351250.000000,0,7,0,0,,1.000000
2000760,Volcanicsuccessionsdominatedbywoodland0,0.000000,153526.000000,0,3,0,0,,1.000000
2000759,Volcanicsuccessionsdominatedbyscrub0,0.000000,6655891.000000,0,21,0,0,,1.000000
2000758,Volcanicsuccessionsdominatedbygrass0,0.000000,4070968.000000,0,4,0,0,,1.000000
2000757,Urban0,0.000000,216632.000000,0,2,0,0,,1.000000
2000756,TimberPlantation0,0.000000,8346.000000,0,1,0,0,,1.000000
2000753,Swampwoodland0,0.000000,707242.000000,0,27,0,0,,1.000000
2000752,Swampgrassland0,0.000000,33356.000000,0,1,0,0,,1.000000
2000749,SwampforestwithCampnosperma0,0.000000,35770.000000,0,3,0,0,,1.000000
2000747,Swamp0,0.000000,131294.000000,0,7,0,0,,1.000000
2000745,SeralForestVolcanicsuccessions0,0.000000,100498.000000,0,5,0,0,,1.000000
2000744,Scrub0,0.000000,6100.000000,0,2,0,0,,1.000000
2000739,RiverinesuccessionswithEucalyptusdeglupta0,0.000000,1093863.000000,0,31,0,0,,1.000000
2000736,Riverinesuccessionsdominatedbywoodland0,0.000000,32085.000000,0,2,0,0,,1.000000
2000733,Oilpalm0,0.000000,3376499.000000,0,29,0,0,,1.000000
2000732,Mixedforest0,0.000000,6338.000000,0,2,0,0,,1.000000
2000730,Mangrove0,0.000000,1240539.000000,0,63,0,0,,1.000000
2000729,Landuse040,0.000000,33756338.000000,0,65,0,0,,1.000000
2000728,Lakesandlargerrivers0,0.000000,10836690.000000,0,38,0,0,,1.000000
2000727,Herbaceousswamp0,0.000000,572716.000000,0,21,0,0,,1.000000
2000726,Grasslands0,0.000000,1241934.000000,0,3,0,0,,1.000000
2000725,Grasslandwithsomeforest0,0.000000,2694158.000000,0,13,0,0,,1.000000
2000724,Grasslandrevertingtoforest0,0.000000,65505.000000,0,1,0,0,,1.000000
2000722,ForestwithCasuarinaequisetifoliaLittoral0,0.000000,46107.000000,0,2,0,0,,1.000000
2000719,ForestVerySmallCrownLowMontane1000mNotho0,0.000000,267877.000000,0,15,0,0,,1.000000
2000717,ForestVerySmallCrownLowMontane1000m0,0.000000,1398379.000000,0,18,0,0,,1.000000
2000716,ForestSmallCrownLowMontane1000mwNothofag0,0.000000,8340.000000,0,1,0,0,,1.000000
2000714,ForestSmallCrownLowMontane1000m0,0.000000,575396.000000,0,28,0,0,,1.000000
2000711,ForestSmallCrownLowAltUplands1000m0,0.000000,423752.000000,0,15,0,0,,1.000000
2000710,ForestSmallCrownLowAltPlains1000m0,0.000000,0.000000,0,0,0,0,,1.000000
2000709,ForestSmallCrown0,0.000000,16642.000000,0,2,0,0,,1.000000
2000708,ForestOpenLowAltPlains1000m0,0.000000,4647376.000000,0,129,0,0,,1.000000
2000706,ForestMediumCrownLowAltUplands1000m0,0.000000,10310146.000000,0,434,0,0,,1.000000
2000705,ForestLargeCrownLowAltUplands1000m0,0.000000,1770055.000000,0,25,0,0,,1.000000
2000704,ForestLargecrownLowAltPlains1000m0,0.000000,2642129.000000,0,77,0,0,,1.000000
2000702,Cultivatedland0,0.000000,8339.000000,0,1,0,0,,1.000000
2000701,Bare0,0.000000,0.000000,0,0,0,0,,1.000000
2000500,climref,869876525.200000,5533982015.000000,0,3131,0,0,yes,1.000000
2000404,Platymantisnakanaiorum,190757282.000000,208829563.000000,0,122,0,0,yes,1.000000
2000403,Platymantismamusiorum,68095335.500000,102186203.000000,0,63,0,0,yes,1.000000
2000345,WetlandswithBackswamps,47416356.310000,106319020.000000,0,79,0,0,yes,1.000000
2000344,UndifferentiatedWetlands,37769130.350000,69273214.000000,0,66,0,0,yes,1.000000
2000343,VolcanicRidgeswithSlope510,34800701.700000,110669040.000000,0,113,0,0,yes,1.000000
2000342,VolcanicRidgeswithSlope25,2442112.050000,13681508.000000,0,19,0,0,yes,1.000000
2000341,VolcanicRidgeswithSlope1020,198988393.370000,388372826.000000,0,363,0,0,yes,1.000000
2000340,VolcanicRidgeswithSlope20,88935264.040000,154578687.000000,0,167,0,0,yes,1.000000
2000339,LeveeplainRiverValleys,41061056.760000,58470157.000000,0,60,0,0,yes,1.000000
2000337,OtherRidgeswithSlope1020,8319525.110000,10613021.000000,0,19,0,0,yes,1.000000
2000336,OtherRidgeswithSlope20,2279594.430000,11472190.000000,0,11,0,0,yes,1.000000
2000335,LimestoneRidgeswithSlope510,26805359.450000,79938519.000000,0,75,0,0,yes,1.000000
2000334,LimestoneRidgeswithSlope25,8103754.820000,33813899.000000,0,35,0,0,yes,1.000000
2000333,LimestoneRidgeswithSlope1020,45701233.790000,105711877.000000,0,111,0,0,yes,1.000000
2000332,LimestoneRidgeswithSlope20,25241389.710000,102176849.000000,0,90,0,0,yes,1.000000
2000330,Lakes,9548452.730000,10111846.000000,0,12,0,0,yes,1.000000
2000329,random,22761.810000,93414.000000,0,1,0,0,yes,1.000000
2000328,VolcanicFoothillswithSlope510,414600029.680000,715414233.000000,0,643,0,0,yes,1.000000
2000327,VolcanicFoothillswithSlope25,232016911.370000,232991433.000000,0,262,0,0,yes,1.000000
2000326,VolcanicFoothillswithSlope1020,432875897.530000,806143275.000000,0,703,0,0,yes,1.000000
2000325,VolcanicFoothillswithSlope20,41010631.360000,58411910.000000,0,80,0,0,yes,1.000000
2000324,VolcanicFoothillswithSlope2,54279441.950000,54645753.000000,0,69,0,0,yes,1.000000
2000323,OtherFoothillswithSlope510,201559517.570000,407197257.000000,0,341,0,0,yes,1.000000
2000322,OtherFoothillswithSlope25,159879910.710000,271403708.000000,0,229,0,0,yes,1.000000
2000321,OtherFoothillswithSlope1020,44356842.170000,120439119.000000,0,102,0,0,yes,1.000000
2000320,OtherFoothillswithSlope20,3840559.760000,4150083.000000,0,8,0,0,yes,1.000000
2000319,OtherFoothillswithSlope2,7471601.490000,7471916.000000,0,10,0,0,yes,1.000000
2000318,LimestoneFoothillswithSlope510,179485585.540000,380886528.000000,0,332,0,0,yes,1.000000
2000317,LimestoneFoothillswithSlope25,282113935.460000,723486469.000000,0,536,0,0,yes,1.000000
2000316,LimestoneFoothillswithSlope1020,44122233.840000,79322880.000000,0,99,0,0,yes,1.000000
2000315,LimestoneFoothillswithSlope20,5362734.490000,8923095.000000,0,16,0,0,yes,1.000000
2000314,LimestoneFoothillswithSlope20,44322253.970000,118571176.000000,0,137,0,0,yes,1.000000
2000313,AcidIgneousFoothillswithSlope510,2906208.820000,9333508.000000,0,12,0,0,yes,1.000000
2000312,AcidIgneousFoothillswithSlope25,605478.800000,3561640.000000,0,7,0,0,yes,1.000000
2000311,AcidIgneousFoothillswithSlope1020,8125188.250000,16530572.000000,0,20,0,0,yes,1.000000
2000309,CoastalplainswithNofloodingorinundation,216591750.910000,463354311.000000,0,329,0,0,yes,1.000000
2000307,MangrovesFlats,28298357.930000,40931951.000000,0,77,0,0,yes,1.000000
2000306,CoastalCoralFlats,1147215.250000,5634993.000000,0,7,0,0,yes,1.000000
2000305,CoastalBeachSandFlats,263532942.770000,278869443.000000,0,187,0,0,yes,1.000000
2000304,UndifferentiatedAlluvialPlains,15087338.500000,29124330.000000,0,33,0,0,yes,1.000000
2000302,CompositeAlluvialPlains,185603918.010000,317798258.000000,0,246,0,0,yes,1.000000
2000113,Dolphins,4504105.500000,4623880.000000,0,4,0,0,yes,1.000000
2000111,Crocodilebreedinggrounds,18029155.500000,22455071.000000,0,42,0,0,yes,1.000000
2000110,Dugonghabitat,35196050.000000,35464078.000000,0,60,0,0,yes,1.000000
2000109,CusCushabitat,3140763.500000,3623937.000000,0,11,0,0,yes,1.000000
2000108,Cassowaryhabitat,6252794.000000,6459810.000000,0,17,0,0,yes,1.000000
2000107,BirdSanctuary,932480.500000,988611.000000,0,4,0,0,yes,1.000000
2000106,Turtlenestingbeachmarine,2566253.500000,2747996.000000,0,7,0,0,yes,1.000000
2000104,Sagopalmareaswamp,6894890.400000,7456785.000000,0,24,0,0,yes,1.000000
2000103,PandanusMarita,235557.300000,783341.000000,0,2,0,0,yes,1.000000
2000102,PandanusKaruka,262935.900000,785191.000000,0,3,0,0,yes,1.000000
2000101,Churchland,0.000000,2304218.000000,0,7,0,0,,1.000000
2000098,Caves,3565105.200000,3592738.000000,0,12,0,0,yes,1.000000
2000096,Volcano,0.000000,22007102.000000,0,24,0,0,,1.000000
2000095,Waterfall,471114.900000,785191.000000,0,3,0,0,yes,1.000000
2000093,Hotspring,2671026.900000,2870835.000000,0,8,0,0,yes,1.000000
2000092,Freshwaterlake,2723975.800000,2879367.000000,0,9,0,0,yes,1.000000
2000090,Villagesmissingnameslocation,0.000000,2669288.000000,0,8,0,0,,1.000000
2000089,MissionStations,0.000000,1397906.000000,0,8,0,0,,1.000000
2000088,Clams,0.000000,35196057.000000,0,57,0,0,,1.000000
2000086,Bechedemerreef,0.000000,35395661.000000,0,60,0,0,,1.000000
2000085,Tuna,187973.500000,227543.000000,0,1,0,0,yes,1.000000
2000082,Miningsmallscalealluvial,0.000000,1647521.000000,0,3,0,0,,1.000000
2000080,Miningproposed,0.000000,74256334.000000,0,48,0,0,,1.000000
2000079,Miningcurrent,0.000000,0.000000,0,0,0,0,,1.000000
2000078,BiologicalResearchStaion,5571184.500000,6122699.000000,0,20,0,0,yes,1.000000
2000077,ResourceCentreproposed,0.000000,0.000000,0,0,0,0,,1.000000
2000076,ResourceCentreexisting,0.000000,23957.000000,0,1,0,0,,1.000000
2000075,Wharfproposed,0.000000,345899.000000,0,2,0,0,,1.000000
2000074,Wharfexisting,0.000000,244080.000000,0,2,0,0,,1.000000
2000073,Jettiesproposed,0.000000,345984.000000,0,3,0,0,,1.000000
2000072,Jettiesexisting,0.000000,0.000000,0,0,0,0,,1.000000
2000071,Fishmarket,0.000000,0.000000,0,0,0,0,,1.000000
2000070,Markets,0.000000,50803.000000,0,1,0,0,,1.000000
2000068,Digicelltower,0.000000,3113412.000000,0,9,0,0,,1.000000
2000067,Roadsproposed,0.000000,0.000000,0,0,0,0,,1.000000
2000065,Reservoirwatersupply,0.000000,212716.000000,0,1,0,0,,1.000000
2000064,Hydroelectricpowerproposed,0.000000,269192.000000,0,1,0,0,,1.000000
2000063,Solarpowerplantproposed,0.000000,0.000000,0,0,0,0,,1.000000
2000062,Powerstationexisting,0.000000,1713949.000000,0,6,0,0,,1.000000
2000060,Reforestationproposed,148689891.600000,216718465.000000,0,142,0,0,yes,1.000000
2000057,LoggingexpiredTRPFMA,0.000000,103019262.000000,0,77,0,0,,1.000000
2000056,Loggingcurrent,0.000000,671977784.000000,0,388,0,0,,1.000000
2000055,Forestplanationreforestation,0.000000,0.000000,0,0,0,0,,1.000000
2000055,Forestplanationreforestation,96418091.100000,100254980.000000,0,64,0,0,yes,1.000000
2000053,Bambooforest,0.000000,0.000000,0,0,0,0,,1.000000
2000052,Balsawoodlots,0.000000,0.000000,0,0,0,0,,1.000000
2000051,Forestvirginuntouched,669125111.500000,704103573.000000,0,405,0,0,yes,1.000000
2000050,Nontimberbuildingmaterialforest,0.000000,99770.000000,0,1,0,0,,1.000000
2000049,Megapodeeggs,0.000000,0.000000,0,0,0,0,,1.000000
2000048,HuntingZone,0.000000,10069886.000000,0,18,0,0,,1.000000
2000047,Fishingzonesmarine,0.000000,0.000000,0,0,0,0,,1.000000
2000046,Fishingzonefreshwater,0.000000,785191.000000,0,3,0,0,,1.000000
2000043,Gamefishingsite,1177787.000000,1503395.000000,0,4,0,0,yes,1.000000
2000042,Tourismforest,2355573.500000,2355212.000000,0,7,0,0,yes,0.999847
2000041,Tourismcoralreefs,34223862.500000,35577475.000000,0,57,0,0,yes,1.000000
2000040,Touristtracks,1570382.500000,1953719.000000,0,6,0,0,yes,1.000000
2000039,Surfingsite,0.000000,318642.000000,0,1,0,0,,1.000000
2000038,Guesthouse,0.000000,283329.000000,0,1,0,0,,1.000000
2000037,Resettlementareafromnaturaldisaster,0.000000,390384.000000,0,1,0,0,,1.000000
2000036,Floodways,0.000000,734876.000000,0,2,0,0,,1.000000
2000035,Disasteraffectedarea,0.000000,1051341.000000,0,3,0,0,,1.000000
2000034,ShellTabuMoney,0.000000,1871334.000000,0,5,0,0,,1.000000
2000033,WWIIsites,0.000000,3825012.000000,0,6,0,0,,1.000000
2000032,SacredSitesPlesTambu,0.000000,4181159.000000,0,16,0,0,,1.000000
2000031,Cemetary,0.000000,768810.000000,0,5,0,0,,1.000000
2000029,WildlifeMngtAreaWMA,8556180.500000,9691952.000000,0,12,0,0,yes,1.000000
2000028,ConservationAreaTerrestrialproposed,664076882.500000,701239183.000000,0,400,0,0,yes,1.000000
2000027,ConservationAreaTerrestrial,392595.500000,785191.000000,0,1,0,0,yes,1.000000
2000026,ConservationAreaMarineproposed,4927810.500000,4960924.000000,0,11,0,0,yes,1.000000
2000025,ConservationAreaMarine,671923.000000,873216.000000,0,2,0,0,yes,1.000000
2000024,Mangroves,2113342.800000,2257542.000000,0,6,0,0,yes,1.000000
2000023,Shellsmangroves,23995590.000000,39970622.000000,0,74,0,0,yes,1.000000
2000022,Seagrassbeds,20386036.500000,35583387.000000,0,57,0,0,yes,1.000000
2000021,Uniqueorchidspecies,392596.000000,785192.000000,0,3,0,0,yes,1.000000
2000016,Spiceagriculturalactivity,0.000000,0.000000,0,0,0,0,,1.000000
2000015,Commercialfloriculture,0.000000,2725978.000000,0,6,0,0,,1.000000
2000014,Researchsites,2119976.100000,2320570.000000,0,6,0,0,yes,1.000000
2000013,OilPlamproposed,0.000000,22110375.000000,0,20,0,0,,1.000000
2000012,OilPalmexisting,0.000000,17900085.000000,0,18,0,0,,1.000000
2000010,Introducedcrops,0.000000,236161.000000,0,1,0,0,,1.000000
2000009,FruitandVeggiefarming,0.000000,0.000000,0,0,0,0,,1.000000
2000008,Fishfarmpond,0.000000,727992.000000,0,2,0,0,,1.000000
2000007,CattlefarmPigfarmChickenfarm,0.000000,0.000000,0,0,0,0,,1.000000
2000006,CashcropsVanilla,0.000000,0.000000,0,0,0,0,,1.000000
2000005,Cashcropscoconut,0.000000,13091810.000000,0,26,0,0,,1.000000
2000004,Cashcropscocoa,0.000000,20409012.000000,0,27,0,0,,1.000000
2000003,CashCropCoffee,0.000000,785191.000000,0,1,0,0,,1.000000
2000002,BeetleNutFarm,0.000000,494697.000000,0,2,0,0,,1.000000
1000969,Woodland100,9509.460000,17842.000000,0,1,0,0,yes,1.000000
1000967,Volcanicsuccessionsdominatedbyscrub100,3831787.760000,4751976.000000,0,12,0,0,yes,1.000000
1000964,TimberPlantation100,0.000000,15811491.000000,0,16,0,0,,1.000000
1000961,Swampwoodland100,5792904.700000,7683011.000000,0,9,0,0,yes,1.000000
1000960,Swampgrassland100,1587577.980000,2378900.000000,0,6,0,0,yes,1.000000
1000953,SeralForestVolcanicsuccessions100,8795695.960000,8875732.000000,0,8,0,0,yes,1.000000
1000952,Scrub100,80063.200000,235480.000000,0,4,0,0,yes,1.000000
1000947,RiverinesuccessionswithEucalyptusdeglupta100,30935888.380000,33154166.000000,0,67,0,0,yes,1.000000
1000943,Riverinesuccessionsdominatedbygrass100,860890.540000,1101319.000000,0,4,0,0,yes,1.000000
1000940,Mixedforest100,7835228.940000,7968686.000000,0,8,0,0,yes,1.000000
1000938,Mangrove100,6310546.200000,6789911.000000,0,13,0,0,yes,1.000000
1000937,Lakesandlargerrivers100,85893.860000,120378.000000,0,1,0,0,yes,1.000000
1000936,Herbaceousswamp100,695465.920000,1216286.000000,0,2,0,0,yes,1.000000
1000935,Grasslands100,590996.160000,729068.000000,0,1,0,0,yes,1.000000
1000928,ForestVerySmallCrownLowMontane1000mNotho100,258842499.460000,471255730.000000,0,327,0,0,yes,1.000000
1000926,ForestVerySmallCrownLowMontane1000m100,132134880.340000,132183691.000000,0,110,0,0,yes,1.000000
1000925,ForestSmallCrownLowMontane1000mwNothofag100,49926315.020000,50186088.000000,0,45,0,0,yes,1.000000
1000923,ForestSmallCrownLowMontane1000m100,493036247.740000,509174579.000000,0,470,0,0,yes,1.000000
1000920,ForestSmallCrownLowAltUplands1000m100,68332971.860000,69576812.000000,0,89,0,0,yes,1.000000
1000918,ForestSmallCrown100,23347212.480000,23390848.000000,0,15,0,0,yes,1.000000
1000917,ForestOpenLowAltPlains1000m100,57802767.940000,65889225.000000,0,91,0,0,yes,1.000000
1000915,ForestMediumCrownLowAltUplands1000m100,2604979971.320000,2606653598.000000,0,1726,0,0,yes,1.000000
1000914,ForestLargeCrownLowAltUplands1000m100,17858667.620000,32272266.000000,0,25,0,0,yes,1.000000
1000913,ForestLargecrownLowAltPlains1000m100,49884079.880000,50090881.000000,0,64,0,0,yes,1.000000
1000911,Cultivatedland100,0.000000,21593.000000,0,2,0,0,,1.000000
1000892,ForestMediumCrownLowAltUplands1000m90,16136980.380000,16345586.000000,0,15,0,0,yes,1.000000
1000890,ForestLargecrownLowAltPlains1000m90,886229.040000,1195410.000000,0,1,0,0,yes,1.000000
1000879,RiverinesuccessionswithEucalyptusdeglupta80,1042713.360000,1448548.000000,0,3,0,0,yes,1.000000
1000876,Mixedforest80,2159829.940000,2174884.000000,0,5,0,0,yes,1.000000
1000863,ForestOpenLowAltPlains1000m80,835001.240000,2209823.000000,0,4,0,0,yes,1.000000
1000861,ForestMediumCrownLowAltUplands1000m80,186244659.060000,186269424.000000,0,163,0,0,yes,1.000000
1000859,ForestLargecrownLowAltPlains1000m80,9984209.140000,10382266.000000,0,13,0,0,yes,1.000000
1000850,Volcanicsuccessionsdominatedbyscrub50,609587.020000,1489825.000000,0,8,0,0,yes,1.000000
1000848,Urban50,0.000000,23741.000000,0,1,0,0,,1.000000
1000847,TimberPlantation50,0.000000,273716.000000,0,3,0,0,,1.000000
1000844,Swampwoodland50,12463.720000,36658.000000,0,2,0,0,yes,1.000000
1000843,Swampgrassland50,343710.420000,601026.000000,0,6,0,0,yes,1.000000
1000830,RiverinesuccessionswithEucalyptusdeglupta50,924851.680000,925398.000000,0,25,0,0,yes,1.000000
1000826,Riverinesuccessionsdominatedbygrass50,125506.580000,182650.000000,0,4,0,0,yes,1.000000
1000823,Mixedforest50,331836.940000,427310.000000,0,10,0,0,yes,1.000000
1000821,Mangrove50,41701.340000,58036.000000,0,7,0,0,yes,1.000000
1000820,Landuse0450,0.000000,2158562.000000,0,53,0,0,,1.000000
1000819,Lakesandlargerrivers50,20133.780000,59217.000000,0,1,0,0,yes,1.000000
1000818,Herbaceousswamp50,1217.880000,3582.000000,0,1,0,0,yes,1.000000
1000817,Grasslands50,40528.680000,119202.000000,0,1,0,0,yes,1.000000
1000810,ForestVerySmallCrownLowMontane1000mNotho50,303553.700000,706493.000000,0,60,0,0,yes,1.000000
1000808,ForestVerySmallCrownLowMontane1000m50,52564.680000,120787.000000,0,10,0,0,yes,1.000000
1000807,ForestSmallCrownLowMontane1000mwNothofag50,79660.640000,84955.000000,0,12,0,0,yes,1.000000
1000805,ForestSmallCrownLowMontane1000m50,862428.700000,1240156.000000,0,37,0,0,yes,1.000000
1000802,ForestSmallCrownLowAltUplands1000m50,449518.420000,1022959.000000,0,33,0,0,yes,1.000000
1000800,ForestSmallCrown50,15232.000000,25003.000000,0,2,0,0,yes,1.000000
1000799,ForestOpenLowAltPlains1000m50,334832.000000,368990.000000,0,16,0,0,yes,1.000000
1000797,ForestMediumCrownLowAltUplands1000m50,221410536.740000,221610370.000000,0,334,0,0,yes,1.000000
1000796,ForestLargeCrownLowAltUplands1000m50,2836.960000,8344.000000,0,1,0,0,yes,1.000000
1000795,ForestLargecrownLowAltPlains1000m50,550239.680000,580624.000000,0,33,0,0,yes,1.000000
1000793,Cultivatedland50,0.000000,315479.000000,0,5,0,0,,1.000000
1000792,Bare10,0.000000,0.000000,0,0,0,0,,1.000000
1000788,RiverinesuccessionswithEucalyptusdeglupta40,0.000000,1501714.000000,0,2,0,0,,1.000000
1000787,ForestVerySmallCrownLowMontane1000m40,0.000000,17431202.000000,0,19,0,0,,1.000000
1000786,ForestSmallCrownLowMontane1000m40,0.000000,0.000000,0,0,0,0,,1.000000
1000784,ForestOpenLowAltPlains1000m40,0.000000,0.000000,0,0,0,0,,1.000000
1000782,ForestMediumCrownLowAltUplands1000m40,0.000000,15335821.000000,0,35,0,0,,1.000000
1000781,ForestLargecrownLowAltPlains1000m40,0.000000,5539588.000000,0,9,0,0,,1.000000
1000768,ForestMediumCrownLowAltUplands1000m20,0.000000,3741049.000000,0,2,0,0,,1.000000
1000766,ForestLargecrownLowAltPlains1000m20,0.000000,14938727.000000,0,14,0,0,,1.000000
1000765,Cultivatedland20,0.000000,583858.000000,0,2,0,0,,1.000000
1000759,Volcanicsuccessionsdominatedbyscrub0,0.000000,2182456.000000,0,6,0,0,,1.000000
1000757,Urban0,0.000000,88971.000000,0,1,0,0,,1.000000
1000756,TimberPlantation0,0.000000,775754.000000,0,8,0,0,,1.000000
1000753,Swampwoodland0,0.000000,27253.000000,0,2,0,0,,1.000000
1000752,Swampgrassland0,0.000000,263720.000000,0,4,0,0,,1.000000
1000739,RiverinesuccessionswithEucalyptusdeglupta0,0.000000,450417.000000,0,15,0,0,,1.000000
1000735,Riverinesuccessionsdominatedbygrass0,0.000000,350685.000000,0,4,0,0,,1.000000
1000732,Mixedforest0,0.000000,415143.000000,0,9,0,0,,1.000000
1000730,Mangrove0,0.000000,223990.000000,0,8,0,0,,1.000000
1000729,Landuse040,0.000000,89843089.000000,0,95,0,0,,1.000000
1000728,Lakesandlargerrivers0,0.000000,88279.000000,0,1,0,0,,1.000000
1000727,Herbaceousswamp0,0.000000,6092.000000,0,2,0,0,,1.000000
1000726,Grasslands0,0.000000,595603.000000,0,1,0,0,,1.000000
1000719,ForestVerySmallCrownLowMontane1000mNotho0,0.000000,1817821.000000,0,43,0,0,,1.000000
1000717,ForestVerySmallCrownLowMontane1000m0,0.000000,114041.000000,0,12,0,0,,1.000000
1000716,ForestSmallCrownLowMontane1000mwNothofag0,0.000000,91323.000000,0,7,0,0,,1.000000
1000714,ForestSmallCrownLowMontane1000m0,0.000000,527552.000000,0,26,0,0,,1.000000
1000711,ForestSmallCrownLowAltUplands1000m0,0.000000,1182377.000000,0,34,0,0,,1.000000
1000709,ForestSmallCrown0,0.000000,25003.000000,0,2,0,0,,1.000000
1000708,ForestOpenLowAltPlains1000m0,0.000000,251211.000000,0,12,0,0,,1.000000
1000706,ForestMediumCrownLowAltUplands1000m0,0.000000,13770202.000000,0,223,0,0,,1.000000
1000704,ForestLargecrownLowAltPlains1000m0,0.000000,1149302.000000,0,38,0,0,,1.000000
1000702,Cultivatedland0,0.000000,3309640.000000,0,6,0,0,,1.000000
1000701,Bare0,0.000000,0.000000,0,0,0,0,,1.000000
1000500,climref,554411653.900000,3499899857.000000,0,2158,0,0,yes,1.000000
1000405,Platymantissulcatus,334330796.000000,335193204.000000,0,178,0,0,yes,1.000000
1000404,Platymantisnakanaiorum,138796273.000000,139511162.000000,0,88,0,0,yes,1.000000
1000403,Platymantismamusiorum,19554119.000000,24952125.000000,0,24,0,0,yes,1.000000
1000402,Platymantiscaesiops,87664790.000000,114244175.000000,0,67,0,0,yes,1.000000
1000401,Platymantisbufonulus,267402606.500000,268249618.000000,0,154,0,0,yes,1.000000
1000343,VolcanicRidgeswithSlope510,13483866.370000,39172615.000000,0,51,0,0,yes,1.000000
1000341,VolcanicRidgeswithSlope1020,183512235.120000,412386141.000000,0,401,0,0,yes,1.000000
1000340,VolcanicRidgeswithSlope20,195226399.790000,458517596.000000,0,365,0,0,yes,1.000000
1000339,LeveeplainRiverValleys,14774807.270000,30065527.000000,0,30,0,0,yes,1.000000
1000338,OtherRidgeswithSlope510,8100427.240000,10627113.000000,0,22,0,0,yes,1.000000
1000337,OtherRidgeswithSlope1020,56667015.280000,213190156.000000,0,184,0,0,yes,1.000000
1000336,OtherRidgeswithSlope20,16855013.120000,42512617.000000,0,59,0,0,yes,1.000000
1000335,LimestoneRidgeswithSlope510,172121325.960000,445350605.000000,0,358,0,0,yes,1.000000
1000334,LimestoneRidgeswithSlope25,65489995.220000,107193302.000000,0,86,0,0,yes,1.000000
1000333,LimestoneRidgeswithSlope1020,209801115.020000,438972009.000000,0,426,0,0,yes,1.000000
1000332,LimestoneRidgeswithSlope20,96551707.910000,209270346.000000,0,216,0,0,yes,1.000000
1000331,LimestoneRidgeswithSlope2,2415072.870000,7476904.000000,0,5,0,0,yes,1.000000
1000328,VolcanicFoothillswithSlope510,167002722.180000,238648531.000000,0,246,0,0,yes,1.000000
1000327,VolcanicFoothillswithSlope25,114093057.440000,114337004.000000,0,105,0,0,yes,1.000000
1000326,VolcanicFoothillswithSlope1020,269291736.290000,602028848.000000,0,486,0,0,yes,1.000000
1000325,VolcanicFoothillswithSlope20,34489584.360000,53275005.000000,0,69,0,0,yes,1.000000
1000324,VolcanicFoothillswithSlope2,18423939.040000,18556461.000000,0,30,0,0,yes,1.000000
1000323,OtherFoothillswithSlope510,58005324.300000,152235114.000000,0,137,0,0,yes,1.000000
1000322,OtherFoothillswithSlope25,7098417.660000,7976316.000000,0,15,0,0,yes,1.000000
1000321,OtherFoothillswithSlope1020,97967348.570000,187730179.000000,0,181,0,0,yes,1.000000
1000320,OtherFoothillswithSlope20,17546220.880000,18178562.000000,0,33,0,0,yes,1.000000
1000319,OtherFoothillswithSlope2,1321799.640000,1948436.000000,0,3,0,0,yes,1.000000
1000318,LimestoneFoothillswithSlope510,118908450.410000,119363406.000000,0,127,0,0,yes,1.000000
1000317,LimestoneFoothillswithSlope25,12985841.000000,13270537.000000,0,21,0,0,yes,1.000000
1000316,LimestoneFoothillswithSlope1020,171824344.970000,194488739.000000,0,205,0,0,yes,1.000000
1000315,LimestoneFoothillswithSlope20,27709865.700000,37964685.000000,0,64,0,0,yes,1.000000
1000314,LimestoneFoothillswithSlope20,883100.870000,1417310.000000,0,2,0,0,yes,1.000000
1000309,CoastalplainswithNofloodingorinundation,176968958.240000,265500375.000000,0,179,0,0,yes,1.000000
1000308,CoastalplainswithLongterminundated,6039199.850000,6516388.000000,0,8,0,0,yes,1.000000
1000307,MangrovesFlats,1476888.940000,3055461.000000,0,2,0,0,yes,1.000000
1000306,CoastalCoralFlats,3012251.250000,3059026.000000,0,2,0,0,yes,1.000000
1000305,CoastalBeachSandFlats,119815394.970000,120059325.000000,0,96,0,0,yes,1.000000
1000303,TerraceAlluvialPlains,5335152.840000,21186228.000000,0,24,0,0,yes,1.000000
1000302,CompositeAlluvialPlains,117340650.740000,117500285.000000,0,124,0,0,yes,1.000000
1000301,BarAlluvialPlains,9270999.470000,17599466.000000,0,17,0,0,yes,1.000000
1000111,Crocodilebreedinggrounds,3981312.500000,4279240.000000,0,9,0,0,yes,1.000000
1000110,Dugonghabitat,9967.500000,19935.000000,0,1,0,0,yes,1.000000
1000109,CusCushabitat,5772522.500000,5784126.000000,0,6,0,0,yes,1.000000
1000108,Cassowaryhabitat,1177787.000000,1369275.000000,0,4,0,0,yes,1.000000
1000107,BirdSanctuary,1225393.500000,1729299.000000,0,10,0,0,yes,1.000000
1000106,Turtlenestingbeachmarine,572178.000000,626419.000000,0,4,0,0,yes,1.000000
1000104,Sagopalmareaswamp,742384.500000,810650.000000,0,2,0,0,yes,1.000000
1000103,PandanusMarita,388664.100000,486632.000000,0,2,0,0,yes,1.000000
1000102,PandanusKaruka,471114.600000,1004640.000000,0,2,0,0,yes,1.000000
1000101,Churchland,17390847.900000,17428406.000000,0,19,0,0,yes,1.000000
1000098,Caves,12203864.100000,12553420.000000,0,18,0,0,yes,1.000000
1000096,Volcano,0.000000,5249245.000000,0,7,0,0,,1.000000
1000093,Hotspring,1420151.100000,1662093.000000,0,6,0,0,yes,1.000000
1000092,Freshwaterlake,1099267.400000,1119170.000000,0,4,0,0,yes,1.000000
1000090,Villagesmissingnameslocation,0.000000,0.000000,0,0,0,0,,1.000000
1000089,MissionStations,0.000000,664900.000000,0,3,0,0,,1.000000
1000088,Clams,0.000000,496837.000000,0,1,0,0,,1.000000
1000086,Bechedemerreef,0.000000,186084.000000,0,3,0,0,,1.000000
1000084,Fishnontunaoffshore,0.000000,0.000000,0,0,0,0,,1.000000
1000082,Miningsmallscalealluvial,0.000000,9659237.000000,0,9,0,0,,1.000000
1000081,MiningLimestoneproposed,0.000000,437266.000000,0,2,0,0,,1.000000
1000080,Miningproposed,0.000000,0.000000,0,0,0,0,,1.000000
1000079,Miningcurrent,0.000000,6141649.000000,0,9,0,0,,1.000000
1000078,BiologicalResearchStaion,710342.500000,1021032.000000,0,3,0,0,yes,1.000000
1000077,ResourceCentreproposed,0.000000,0.000000,0,0,0,0,,1.000000
1000076,ResourceCentreexisting,0.000000,0.000000,0,0,0,0,,1.000000
1000075,Wharfproposed,0.000000,0.000000,0,0,0,0,,1.000000
1000074,Wharfexisting,0.000000,855059.000000,0,3,0,0,,1.000000
1000073,Jettiesproposed,0.000000,109691.000000,0,1,0,0,,1.000000
1000072,Jettiesexisting,0.000000,178029.000000,0,1,0,0,,1.000000
1000071,Fishmarket,0.000000,0.000000,0,0,0,0,,1.000000
1000070,Markets,0.000000,0.000000,0,0,0,0,,1.000000
1000068,Digicelltower,0.000000,4672780.000000,0,14,0,0,,1.000000
1000067,Roadsproposed,0.000000,0.000000,0,0,0,0,,1.000000
1000065,Reservoirwatersupply,0.000000,378221.000000,0,2,0,0,,1.000000
1000064,Hydroelectricpowerproposed,0.000000,0.000000,0,0,0,0,,1.000000
1000063,Solarpowerplantproposed,0.000000,398542.000000,0,2,0,0,,1.000000
1000062,Powerstationexisting,0.000000,0.000000,0,0,0,0,,1.000000
1000061,IndustrialArea,0.000000,0.000000,0,0,0,0,,1.000000
1000060,Reforestationproposed,6494836.800000,6515476.000000,0,12,0,0,yes,1.000000
1000058,LoggingproposedTRPFMA,0.000000,19097.000000,0,1,0,0,,1.000000
1000057,LoggingexpiredTRPFMA,0.000000,237029462.000000,0,148,0,0,,1.000000
1000056,Loggingcurrent,0.000000,81916719.000000,0,58,0,0,,1.000000
1000055,Forestplanationreforestation,0.000000,0.000000,0,0,0,0,,1.000000
1000055,Forestplanationreforestation,16778577.000000,30447887.000000,0,25,0,0,yes,1.000000
1000054,CertifiedCommunityForest,9699687.900000,13390574.000000,0,18,0,0,yes,1.000000
1000053,Bambooforest,0.000000,0.000000,0,0,0,0,,1.000000
1000052,Balsawoodlots,0.000000,6377706.000000,0,6,0,0,,1.000000
1000051,Forestvirginuntouched,764614467.000000,765115011.000000,0,465,0,0,yes,1.000000
1000050,Nontimberbuildingmaterialforest,0.000000,785192.000000,0,4,0,0,,1.000000
1000049,Megapodeeggs,0.000000,0.000000,0,0,0,0,,1.000000
1000048,HuntingZone,0.000000,152167098.000000,0,107,0,0,,1.000000
1000047,Fishingzonesmarine,0.000000,1413.000000,0,1,0,0,,1.000000
1000046,Fishingzonefreshwater,0.000000,701341.000000,0,2,0,0,,1.000000
1000045,FishAggregationDeviseFADs,2464670.500000,2474499.000000,0,10,0,0,yes,1.000000
1000042,Tourismforest,5876063.500000,6145506.000000,0,9,0,0,yes,1.000000
1000041,Tourismcoralreefs,227457.000000,279898.000000,0,3,0,0,yes,1.000000
1000040,Touristtracks,2355573.000000,2595927.000000,0,7,0,0,yes,1.000000
1000038,Guesthouse,0.000000,2010644.000000,0,11,0,0,,1.000000
1000037,Resettlementareafromnaturaldisaster,0.000000,5124341.000000,0,7,0,0,,1.000000
1000036,Floodways,0.000000,0.000000,0,0,0,0,,1.000000
1000035,Disasteraffectedarea,0.000000,557920.000000,0,4,0,0,,1.000000
1000034,ShellTabuMoney,0.000000,461012.000000,0,3,0,0,,1.000000
1000033,WWIIsites,0.000000,1295539.000000,0,4,0,0,,1.000000
1000032,SacredSitesPlesTambu,0.000000,1931838.000000,0,4,0,0,,1.000000
1000031,Cemetary,0.000000,35326.000000,0,1,0,0,,1.000000
1000029,WildlifeMngtAreaWMA,21071160.000000,34509692.000000,0,34,0,0,yes,1.000000
1000028,ConservationAreaTerrestrialproposed,844662504.000000,845760675.000000,0,509,0,0,yes,1.000000
1000027,ConservationAreaTerrestrial,69920624.500000,70139865.000000,0,52,0,0,yes,1.000000
1000026,ConservationAreaMarineproposed,1953298.500000,1992441.000000,0,11,0,0,yes,1.000000
1000025,ConservationAreaMarine,488807.500000,962548.000000,0,8,0,0,yes,1.000000
1000024,Mangroves,1276430.400000,1874019.000000,0,6,0,0,yes,1.000000
1000023,Shellsmangroves,12553831.800000,12554238.000000,0,23,0,0,yes,1.000000
1000022,Seagrassbeds,423005.400000,471211.000000,0,1,0,0,yes,1.000000
1000017,Rubberplantationproposed,0.000000,0.000000,0,0,0,0,,1.000000
1000016,Spiceagriculturalactivity,0.000000,0.000000,0,0,0,0,,1.000000
1000015,Commercialfloriculture,0.000000,0.000000,0,0,0,0,,1.000000
1000014,Researchsites,4795989.300000,4836778.000000,0,14,0,0,yes,1.000000
1000013,OilPlamproposed,0.000000,172343480.000000,0,113,0,0,,1.000000
1000012,OilPalmexisting,0.000000,149909738.000000,0,119,0,0,,1.000000
1000010,Introducedcrops,0.000000,38156.000000,0,1,0,0,,1.000000
1000009,FruitandVeggiefarming,0.000000,2703024.000000,0,8,0,0,,1.000000
1000008,Fishfarmpond,0.000000,639644.000000,0,1,0,0,,1.000000
1000007,CattlefarmPigfarmChickenfarm,0.000000,3378493.000000,0,12,0,0,,1.000000
1000006,CashcropsVanilla,0.000000,0.000000,0,0,0,0,,1.000000
1000005,Cashcropscoconut,0.000000,7880692.000000,0,19,0,0,,1.000000
1000004,Cashcropscocoa,0.000000,13813700.000000,0,38,0,0,,1.000000
1000003,CashCropCoffee,0.000000,5255554.000000,0,6,0,0,,1.000000
1000002,BeetleNutFarm,0.000000,3580505.000000,0,15,0,0,,1.000000
1000001,StatelandGovtland,0.000000,28869685.000000,0,19,0,0,,1.000000
1000000,random,0.000000,0.000000,0,0,0,0,,1.000000
4673,GeneralizedBarrier,456578.600000,721357.000000,0,2,0,0,yes,1.000000
4672,GeneralizedFringing,6283155.600000,9906019.000000,0,45,0,0,yes,1.000000
4671,GeneralizedLagoon,2701846.600000,4108978.000000,0,7,0,0,yes,1.000000
4670,GeneralizedPatch,1453054.800000,2641782.000000,0,19,0,0,yes,1.000000
4657,OuterBarrierReefComplexreefflat,314005.400000,374793.000000,0,2,0,0,yes,1.000000
4656,OuterBarrierReefComplexpass,51239.800000,173249.000000,0,2,0,0,yes,1.000000
4655,OuterBarrierReefComplexforereef,91333.400000,173315.000000,0,2,0,0,yes,1.000000
4644,Oceanexposedfringingshallowterrace,31150.300000,36291.000000,0,2,0,0,yes,1.000000
4643,Oceanexposedfringingreefflat,2749575.700000,3926775.000000,0,26,0,0,yes,1.000000
4642,Oceanexposedfringingforereef,1249788.500000,2358497.000000,0,22,0,0,yes,1.000000
4641,Oceanexposedfringingenclosedlagoonorbasin,126597.600000,137126.000000,0,3,0,0,yes,1.000000
4640,Oceanexposedfringingdeepterrace,90396.000000,165051.000000,0,1,0,0,yes,1.000000
4639,Oceanexposedfringingchannel,2698.600000,26986.000000,0,1,0,0,yes,1.000000
4638,Lagoonexposedfringingshallowterrace,4584.300000,45843.000000,0,1,0,0,yes,1.000000
4637,Lagoonexposedfringingreefflat,208288.300000,254000.000000,0,5,0,0,yes,1.000000
4635,Intraseasexposedfringingshallowterrace,4232.000000,42320.000000,0,1,0,0,yes,1.000000
4634,Intraseasexposedfringingreefflat,377611.300000,418121.000000,0,6,0,0,yes,1.000000
4633,Intraseasexposedfringingforereef,24529.500000,29163.000000,0,2,0,0,yes,1.000000
4629,Diffusefringingdiffusefringing,134011.500000,286253.000000,0,3,0,0,yes,1.000000
4626,BarrierFringingReefComplexshallowterrace,44041.700000,241770.000000,0,2,0,0,yes,1.000000
4625,BarrierFringingReefComplexreefflat,815591.500000,821891.000000,0,3,0,0,yes,1.000000
4624,BarrierFringingReefComplexpass,289020.100000,290212.000000,0,4,0,0,yes,1.000000
4622,BarrierFringingReefComplexenclosedbasin,131038.700000,825720.000000,0,1,0,0,yes,1.000000
4619,Continentallagoondeeplagoon,2701846.600000,4108978.000000,0,7,0,0,yes,1.000000
4618,Shelfpatchreefcomplexsubtidalreefflat,233751.400000,253335.000000,0,7,0,0,yes,1.000000
4616,Shelfpatchreefcomplexreefflat,756735.700000,1600191.000000,0,7,0,0,yes,1.000000
4615,Shelfpatchreefcomplexforereef,134398.000000,174836.000000,0,4,0,0,yes,1.000000
4614,Shelfpatchreefcomplexenclosedbasin,9080.500000,90805.000000,0,1,0,0,yes,1.000000
4612,Intraseaspatchreefcomplexsubtidalreefflat,47166.900000,66843.000000,0,2,0,0,yes,1.000000
4610,Intraseaspatchreefcomplexreefflat,77877.000000,169626.000000,0,2,0,0,yes,1.000000
4608,Intraseaspatchreefcomplexforereef,22185.300000,91785.000000,0,1,0,0,yes,1.000000
4601,Intralagoonpatchreefcomplexreefflat,171860.000000,194361.000000,0,3,0,0,yes,1.000000
3673,GeneralizedBarrier,133354.600000,800461.000000,0,2,0,0,yes,1.000000
3672,GeneralizedFringing,6568302.800000,10158423.000000,0,19,0,0,yes,1.000000
3671,GeneralizedLagoon,1381096.100000,2943750.000000,0,7,0,0,yes,1.000000
3670,GeneralizedPatch,483526.800000,2250801.000000,0,9,0,0,yes,1.000000
3658,OuterBarrierReefComplexsubtidalreefflat,14947.200000,138667.000000,0,1,0,0,yes,1.000000
3656,OuterBarrierReefComplexpass,22691.000000,165680.000000,0,1,0,0,yes,1.000000
3649,CoastalBarrierReefComplexreefflat,67172.600000,351291.000000,0,2,0,0,yes,1.000000
3647,CoastalBarrierReefComplexforereef,28543.800000,144823.000000,0,2,0,0,yes,1.000000
3643,Oceanexposedfringingreefflat,864248.000000,1369077.000000,0,8,0,0,yes,1.000000
3642,Oceanexposedfringingforereef,659453.100000,758640.000000,0,8,0,0,yes,1.000000
3641,Oceanexposedfringingenclosedlagoonorbasin,18099.000000,134822.000000,0,2,0,0,yes,1.000000
3638,Lagoonexposedfringingshallowterrace,85290.000000,169629.000000,0,1,0,0,yes,1.000000
3637,Lagoonexposedfringingreefflat,363225.200000,638795.000000,0,3,0,0,yes,1.000000
3635,Intraseasexposedfringingshallowterrace,2813531.200000,3882311.000000,0,6,0,0,yes,1.000000
3634,Intraseasexposedfringingreefflat,491361.100000,498265.000000,0,3,0,0,yes,1.000000
3633,Intraseasexposedfringingforereef,602497.100000,764716.000000,0,6,0,0,yes,1.000000
3629,Diffusefringingdiffusefringing,43311.200000,48696.000000,0,1,0,0,yes,1.000000
3626,BarrierFringingReefComplexshallowterrace,59981.300000,495986.000000,0,2,0,0,yes,1.000000
3625,BarrierFringingReefComplexreefflat,366105.200000,996865.000000,0,3,0,0,yes,1.000000
3623,BarrierFringingReefComplexforereef,191653.800000,305155.000000,0,2,0,0,yes,1.000000
3622,BarrierFringingReefComplexenclosedbasin,9546.600000,95466.000000,0,1,0,0,yes,1.000000
3621,Islandlagoondeeplagoon,1263769.100000,2586114.000000,0,5,0,0,yes,1.000000
3620,Continentallagoonshallowlagoonwithconstructions,117327.000000,357636.000000,0,2,0,0,yes,1.000000
3617,Shelfpatchreefcomplexshallowterrace,13509.100000,134654.000000,0,1,0,0,yes,1.000000
3616,Shelfpatchreefcomplexreefflat,140580.400000,661228.000000,0,4,0,0,yes,1.000000
3615,Shelfpatchreefcomplexforereef,23863.300000,122454.000000,0,1,0,0,yes,1.000000
3612,Intraseaspatchreefcomplexsubtidalreefflat,16929.500000,42320.000000,0,1,0,0,yes,1.000000
3610,Intraseaspatchreefcomplexreefflat,114649.400000,275545.000000,0,2,0,0,yes,1.000000
3608,Intraseaspatchreefcomplexforereef,70698.800000,246836.000000,0,1,0,0,yes,1.000000
3602,Intralagoonpatchreefcomplexshallowterrace,78714.400000,713053.000000,0,1,0,0,yes,1.000000
3601,Intralagoonpatchreefcomplexreefflat,24581.900000,54711.000000,0,2,0,0,yes,1.000000
2673,GeneralizedBarrier,5237072.600000,8059791.000000,0,27,0,0,yes,1.000000
2672,GeneralizedFringing,19171544.400000,20627391.000000,0,68,0,0,yes,1.000000
2671,GeneralizedLagoon,4532147.000000,4946523.000000,0,5,0,0,yes,1.000000
2670,GeneralizedPatch,10599149.500000,11319595.000000,0,85,0,0,yes,1.000000
2658,OuterBarrierReefComplexsubtidalreefflat,701955.500000,765335.000000,0,6,0,0,yes,1.000000
2657,OuterBarrierReefComplexreefflat,1601218.100000,1606360.000000,0,19,0,0,yes,1.000000
2656,OuterBarrierReefComplexpass,154465.200000,201639.000000,0,1,0,0,yes,1.000000
2655,OuterBarrierReefComplexforereef,619964.200000,798185.000000,0,7,0,0,yes,1.000000
2654,OuterBarrierReefComplexenclosedbasin,23040.800000,28794.000000,0,1,0,0,yes,1.000000
2651,CoastalBarrierReefComplexshallowterracewithconstructions,108498.700000,202303.000000,0,1,0,0,yes,1.000000
2650,CoastalBarrierReefComplexshallowterrace,110250.300000,449058.000000,0,1,0,0,yes,1.000000
2649,CoastalBarrierReefComplexreefflat,1194088.800000,1848680.000000,0,6,0,0,yes,1.000000
2648,CoastalBarrierReefComplexpass,44892.400000,58478.000000,0,1,0,0,yes,1.000000
2647,CoastalBarrierReefComplexforereef,65116.800000,123849.000000,0,1,0,0,yes,1.000000
2646,CoastalBarrierReefComplexenclosedlagoon,282214.800000,1016530.000000,0,2,0,0,yes,1.000000
2645,CoastalBarrierReefComplexenclosedbasin,331367.000000,960580.000000,0,2,0,0,yes,1.000000
2638,Lagoonexposedfringingshallowterrace,377530.500000,496939.000000,0,1,0,0,yes,1.000000
2637,Lagoonexposedfringingreefflat,351703.100000,421780.000000,0,3,0,0,yes,1.000000
2635,Intraseasexposedfringingshallowterrace,1888853.600000,1896643.000000,0,15,0,0,yes,1.000000
2634,Intraseasexposedfringingreefflat,8380464.900000,8412585.000000,0,43,0,0,yes,1.000000
2633,Intraseasexposedfringingforereef,1337208.100000,1594309.000000,0,13,0,0,yes,1.000000
2632,Intraseasexposedfringingenclosedlagoonorbasins,159900.200000,378833.000000,0,4,0,0,yes,1.000000
2631,Fringingofcoastalbarriercomplexdiffusefringing,507504.000000,1069107.000000,0,4,0,0,yes,1.000000
2629,Diffusefringingdiffusefringing,4458449.200000,4498059.000000,0,17,0,0,yes,1.000000
2628,Coastalfringingpatchforereef,5209.600000,40023.000000,0,1,0,0,yes,1.000000
2627,Bayexposedfringingbayexposedfringing,1704721.200000,1819113.000000,0,5,0,0,yes,1.000000
2621,Islandlagoondeeplagoon,185182.700000,487547.000000,0,1,0,0,yes,1.000000
2619,Continentallagoondeeplagoon,4346964.300000,4458976.000000,0,4,0,0,yes,1.000000
2618,Shelfpatchreefcomplexsubtidalreefflat,119511.600000,138243.000000,0,2,0,0,yes,1.000000
2616,Shelfpatchreefcomplexreefflat,153618.400000,347439.000000,0,4,0,0,yes,1.000000
2615,Shelfpatchreefcomplexforereef,84175.000000,100728.000000,0,1,0,0,yes,1.000000
2614,Shelfpatchreefcomplexenclosedbasin,3776.400000,37764.000000,0,1,0,0,yes,1.000000
2612,Intraseaspatchreefcomplexsubtidalreefflat,1684545.400000,1703453.000000,0,38,0,0,yes,1.000000
2610,Intraseaspatchreefcomplexreefflat,4727063.700000,4727703.000000,0,43,0,0,yes,1.000000
2609,Intraseaspatchreefcomplexhaasubtidalreefflat,97090.400000,106192.000000,0,3,0,0,yes,1.000000
2608,Intraseaspatchreefcomplexforereef,730935.400000,895661.000000,0,13,0,0,yes,1.000000
2607,Intraseaspatchreefcomplexfaroreefflat,632447.100000,720621.000000,0,3,0,0,yes,1.000000
2606,Intraseaspatchreefcomplexfaroenclosedlagoon,1052758.600000,1139199.000000,0,2,0,0,yes,1.000000
2605,Intraseaspatchreefcomplexenclosedbasin,14026.200000,25265.000000,0,3,0,0,yes,1.000000
2603,Intralagoonpatchreefcomplexsubtidalreefflat,104558.900000,109425.000000,0,3,0,0,yes,1.000000
2601,Intralagoonpatchreefcomplexreefflat,424731.200000,456431.000000,0,5,0,0,yes,1.000000
2600,Coastalfringingpatchreefflat,770630.200000,811471.000000,0,4,0,0,yes,1.000000
1673,GeneralizedBarrier,1103396.900000,1351458.000000,0,8,0,0,yes,1.000000
1672,GeneralizedFringing,5753685.300000,16541051.000000,0,69,0,0,yes,1.000000
1670,GeneralizedPatch,6245158.500000,11439232.000000,0,63,0,0,yes,1.000000
1658,OuterBarrierReefComplexsubtidalreefflat,511973.700000,522979.000000,0,5,0,0,yes,1.000000
1657,OuterBarrierReefComplexreefflat,288554.700000,335033.000000,0,4,0,0,yes,1.000000
1655,OuterBarrierReefComplexforereef,247893.400000,314637.000000,0,2,0,0,yes,1.000000
1653,OuterBarrierReefComplexbarrierreefpinnaclepatch,6481.400000,21605.000000,0,1,0,0,yes,1.000000
1652,FaroBarrierReefComplexforereef,48493.700000,157204.000000,0,2,0,0,yes,1.000000
1643,Oceanexposedfringingreefflat,125248.300000,145920.000000,0,2,0,0,yes,1.000000
1637,Lagoonexposedfringingreefflat,529330.600000,2443628.000000,0,13,0,0,yes,1.000000
1636,Lagoonexposedfringingforereef,69000.200000,136166.000000,0,4,0,0,yes,1.000000
1635,Intraseasexposedfringingshallowterrace,194598.100000,434008.000000,0,1,0,0,yes,1.000000
1634,Intraseasexposedfringingreefflat,3286180.600000,8907465.000000,0,46,0,0,yes,1.000000
1632,Intraseasexposedfringingenclosedlagoonorbasins,398307.100000,812189.000000,0,4,0,0,yes,1.000000
1630,Fringingofbarrierfringingcomplexshallowterrace,28340.300000,107582.000000,0,1,0,0,yes,1.000000
1629,Diffusefringingdiffusefringing,1000769.700000,3036260.000000,0,22,0,0,yes,1.000000
1626,BarrierFringingReefComplexshallowterrace,32659.400000,63013.000000,0,1,0,0,yes,1.000000
1625,BarrierFringingReefComplexreefflat,89251.000000,454820.000000,0,2,0,0,yes,1.000000
1618,Shelfpatchreefcomplexsubtidalreefflat,506806.500000,509231.000000,0,17,0,0,yes,1.000000
1613,Shelfpatchreefcomplexdeepterrace,1164764.900000,1200567.000000,0,2,0,0,yes,1.000000
1612,Intraseaspatchreefcomplexsubtidalreefflat,944674.700000,1062359.000000,0,26,0,0,yes,1.000000
1611,Intraseaspatchreefcomplexshallowterrace,102844.900000,196327.000000,0,2,0,0,yes,1.000000
1610,Intraseaspatchreefcomplexreefflat,2547467.500000,6698581.000000,0,29,0,0,yes,1.000000
1608,Intraseaspatchreefcomplexforereef,220567.100000,335428.000000,0,3,0,0,yes,1.000000
1605,Intraseaspatchreefcomplexenclosedbasin,82952.800000,245571.000000,0,3,0,0,yes,1.000000
1604,Intraseaspatchreefcomplexchannel,479595.900000,740599.000000,0,2,0,0,yes,1.000000
1603,Intralagoonpatchreefcomplexsubtidalreefflat,40032.300000,275590.000000,0,4,0,0,yes,1.000000
1601,Intralagoonpatchreefcomplexreefflat,155451.900000,174979.000000,0,6,0,0,yes,1.000000
