"planning_unit","number"
4649,0
4648,7
4647,6
4646,1
4645,0
4644,9
4643,1
4642,0
4641,0
4640,0
4639,0
4638,2
4637,0
4636,0
4635,0
4634,5
4633,0
4632,10
4631,0
4630,0
4629,1
4628,0
4627,0
4626,0
4625,0
4624,0
4623,0
4622,8
4621,1
4620,9
4619,9
4618,1
4617,0
4616,1
4615,3
4614,8
4613,9
4612,4
4611,2
4610,9
4609,7
4608,0
4607,0
4606,3
4605,7
4604,0
4603,6
4602,0
4601,8
4600,2
4599,7
4598,0
4597,0
4596,5
4595,1
4594,0
4593,0
4592,0
4591,0
4590,6
4589,0
4588,2
4587,0
4586,0
4585,2
4584,0
4583,0
4582,0
4581,1
4580,0
4579,6
4578,9
4577,3
4576,9
4575,0
4574,0
4573,1
4572,0
4571,0
4570,0
4569,0
4568,10
4567,9
4566,1
4565,0
4564,1
4563,2
4562,0
4561,0
4560,0
4559,0
4558,0
4557,0
4556,6
4555,10
4554,0
4553,0
4552,0
4551,0
4550,7
4549,0
4548,0
4547,0
4546,1
4545,0
4544,0
4543,0
4542,0
4541,7
4540,0
4539,9
4538,0
4537,0
4536,7
4535,0
4534,1
4533,0
4532,1
4531,0
4530,6
4529,0
4528,0
4527,0
4526,0
4525,0
4524,4
4523,9
4522,3
4521,0
4520,0
4519,0
4518,0
4517,0
4516,0
4515,0
4514,0
4513,0
4512,2
4511,0
4510,0
4509,10
4508,0
4507,0
4506,0
4505,10
4504,1
4503,0
4502,0
4501,0
4500,0
4499,6
4498,2
4497,0
4496,0
4495,2
4494,0
4493,3
4492,3
4491,0
4490,10
4489,0
4488,2
4487,0
4486,0
4485,0
4484,0
4483,1
4482,0
4481,0
4480,8
4479,0
4478,0
4477,0
4476,9
4475,0
4474,2
4473,0
4472,1
4471,2
4470,4
4469,1
4468,0
4467,0
4466,9
4465,0
4464,0
4463,0
4462,2
4461,0
4460,0
4459,4
4458,1
4457,0
4456,2
4455,1
4454,4
4453,8
4452,0
4451,0
4450,0
4449,0
4448,0
4447,0
4446,9
4445,1
4444,9
4443,0
4442,0
4441,2
4440,1
4439,0
4438,0
4437,1
4436,0
4435,0
4434,0
4433,0
4432,0
4431,0
4430,1
4429,0
4428,2
4427,10
4426,1
4425,0
4424,0
4423,10
4422,0
4421,2
4420,0
4419,0
4418,5
4417,6
4416,1
4415,2
4414,9
4413,0
4412,9
4411,7
4410,1
4409,1
4408,0
4407,3
4406,0
4405,9
4404,0
4403,0
4402,0
4401,0
4400,0
4399,2
4398,0
4397,1
4396,0
4395,1
4394,1
4393,0
4392,0
4391,10
4390,6
4389,0
4388,2
4387,0
4386,0
4385,9
4384,0
4383,9
4382,0
4381,0
4380,0
4379,2
4378,0
4377,1
4376,2
4375,0
4374,0
4373,0
4372,0
4371,10
4370,7
4369,0
4368,0
4367,0
4366,0
4365,7
4364,0
4363,0
4362,0
4361,0
4360,7
4359,2
4358,0
4357,2
4356,8
4355,0
4354,0
4353,0
4352,0
4351,0
4350,0
4349,1
4348,0
4347,5
4346,1
4345,1
4344,6
4343,0
4342,0
4341,0
4340,0
4339,1
4338,0
4337,1
4336,0
4335,0
4334,5
4333,0
4332,0
4331,0
4330,0
4329,0
4328,0
4327,0
4326,2
4325,0
4324,3
4323,9
4322,0
4321,10
4320,0
4319,10
4318,0
4317,3
4316,0
4315,1
4314,5
4313,0
4312,0
4311,1
4310,5
4309,1
4308,0
4307,1
4306,0
4305,0
4304,0
4303,1
4302,7
4301,9
4300,2
4299,9
4298,0
4297,1
4296,0
4295,0
4294,0
4293,0
4292,1
4291,0
4290,4
4289,10
4288,1
4287,0
4286,6
4285,1
4284,0
4283,0
4282,0
4281,0
4280,3
4279,0
4278,0
4277,7
4276,0
4275,1
4274,3
4273,0
4272,9
4271,1
4270,0
4269,0
4268,7
4267,0
4266,0
4265,0
4264,1
4263,2
4262,0
4261,0
4260,2
4259,0
4258,0
4257,1
4256,0
4255,0
4254,0
4253,8
4252,7
4251,10
4250,5
4249,1
4248,0
4247,1
4246,0
4245,1
4244,0
4243,0
4242,2
4241,0
4240,0
4239,0
4238,0
4237,2
4236,4
4235,0
4234,0
4233,1
4232,7
4231,0
4230,2
4229,0
4228,0
4227,1
4226,5
4225,0
4224,0
4223,10
4222,0
4221,10
4220,0
4219,8
4218,0
4217,0
4216,0
4215,1
4214,6
4213,0
4212,9
4211,0
4210,1
4209,10
4208,0
4207,0
4206,0
4205,9
4204,7
4203,3
4202,1
4201,7
4200,10
4199,0
4198,0
4197,4
4196,7
4195,10
4194,0
4193,2
4192,0
4191,2
4190,0
4189,0
4188,0
4187,9
4186,0
4185,0
4184,0
4183,1
4182,10
4181,7
4180,0
4179,0
4178,1
4177,1
4176,0
4175,2
4174,0
4173,0
4172,3
4171,0
4170,1
4169,10
4168,0
4167,0
4166,2
4165,0
4164,3
4163,0
4162,0
4161,0
4160,4
4159,0
4158,0
4157,0
4156,2
4155,6
4154,5
4153,2
4152,1
4151,8
4150,0
4149,6
4148,0
4147,0
4146,0
4145,6
4144,1
4143,0
4142,0
4141,0
4140,4
4139,2
4138,0
4137,1
4136,1
4135,9
4134,0
4133,8
4132,3
4131,0
4130,5
4129,0
4128,3
4127,0
4126,0
4125,1
4124,9
4123,0
4122,0
4121,9
4120,0
4119,4
4118,2
4117,2
4116,0
4115,0
4114,3
4113,2
4112,0
4111,0
4110,0
4109,0
4108,0
4107,2
4106,0
4105,0
4104,7
4103,0
4102,6
4101,0
4100,0
4099,0
4098,0
4097,8
4096,0
4095,9
4094,0
4093,1
4092,0
4091,0
4090,0
4089,0
4088,0
4087,0
4086,1
4085,2
4084,4
4083,0
4082,0
4081,0
4080,2
4079,2
4078,0
4077,0
4076,3
4075,0
4074,0
4073,1
4072,0
4071,0
4070,3
4069,0
4068,7
4067,1
4066,0
4065,4
4064,0
4063,0
4062,0
4061,9
4060,0
4059,0
4058,6
4057,5
4056,0
4055,0
4054,0
4053,0
4052,0
4051,0
4050,2
4049,0
4048,6
4047,0
4046,8
4045,2
4044,0
4043,0
4042,7
4041,0
4040,0
4039,10
4038,2
4037,0
4036,1
4035,1
4034,1
4033,8
4032,2
4031,10
4030,0
4029,2
4028,0
4027,9
4026,0
4025,0
4024,8
4023,0
4022,0
4021,0
4020,0
4019,0
4018,0
4017,0
4016,7
4015,0
4014,1
4013,2
4012,2
4011,4
4010,0
4009,0
4008,0
4007,5
4006,7
4005,0
4004,0
4003,1
4002,3
4001,0
4000,7
3999,0
3998,0
3997,0
3996,0
3995,0
3994,0
3993,10
3992,4
3991,1
3990,0
3989,10
3988,2
3987,9
3986,0
3985,3
3984,3
3983,1
3982,1
3981,0
3980,0
3979,10
3978,4
3977,2
3976,0
3975,0
3974,0
3973,0
3972,5
3971,0
3970,0
3969,9
3968,4
3967,0
3966,0
3965,1
3964,2
3963,0
3962,0
3961,0
3960,2
3959,8
3958,1
3957,0
3956,0
3955,0
3954,0
3953,0
3952,0
3951,0
3950,6
3949,1
3948,0
3947,0
3946,9
3945,0
3944,3
3943,0
3942,6
3941,7
3940,0
3939,1
3938,0
3937,0
3936,0
3935,0
3934,0
3933,10
3932,0
3931,0
3930,10
3929,4
3928,5
3927,0
3926,0
3925,0
3924,1
3923,0
3922,0
3921,0
3920,0
3919,0
3918,0
3917,8
3916,0
3915,0
3914,3
3913,7
3912,9
3911,0
3910,0
3909,2
3908,1
3907,2
3906,0
3905,1
3904,10
3903,0
3902,5
3901,8
3900,2
3899,0
3898,4
3897,1
3896,0
3895,9
3894,4
3893,3
3892,0
3891,0
3890,0
3889,8
3888,6
3887,9
3886,0
3885,0
3884,0
3883,0
3882,0
3881,0
3880,0
3879,0
3878,0
3877,0
3876,0
3875,6
3874,0
3873,0
3872,2
3871,1
3870,0
3869,0
3868,0
3867,9
3866,4
3865,0
3864,0
3863,2
3862,0
3861,1
3860,0
3859,0
3858,0
3857,1
3856,0
3855,1
3854,1
3853,0
3852,3
3851,0
3850,0
3849,0
3848,0
3847,2
3846,0
3845,0
3844,1
3843,0
3842,0
3841,0
3840,0
3839,0
3838,5
3837,0
3836,0
3835,7
3834,0
3833,0
3832,6
3831,0
3830,8
3829,0
3828,1
3827,0
3826,8
3825,0
3824,0
3823,10
3822,3
3821,4
3820,0
3819,1
3818,0
3817,0
3816,0
3815,10
3814,0
3813,0
3812,1
3811,4
3810,0
3809,1
3808,1
3807,0
3806,0
3805,9
3804,0
3803,0
3802,0
3801,0
3800,0
3799,0
3798,0
3797,0
3796,0
3795,3
3794,0
3793,2
3792,1
3791,8
3790,0
3789,0
3788,1
3787,0
3786,0
3785,0
3784,3
3783,0
3782,0
3781,0
3780,10
3779,0
3778,3
3777,0
3776,1
3775,0
3774,0
3773,2
3772,0
3771,0
3770,10
3769,0
3768,4
3767,10
3766,1
3765,0
3764,0
3763,0
3762,0
3761,0
3760,0
3759,0
3758,1
3757,0
3756,3
3755,0
3754,0
3753,0
3752,0
3751,2
3750,1
3749,0
3748,0
3747,0
3746,1
3745,0
3744,3
3743,0
3742,0
3741,0
3740,0
3739,0
3738,0
3737,7
3736,1
3735,6
3734,2
3733,1
3732,0
3731,0
3730,5
3729,9
3728,0
3727,0
3726,2
3725,0
3724,0
3723,0
3722,0
3721,0
3720,9
3719,0
3718,0
3717,2
3716,8
3715,0
3714,0
3713,1
3712,4
3711,4
3710,0
3709,0
3708,3
3707,8
3706,0
3705,0
3704,0
3703,0
3702,10
3701,2
3700,7
3699,2
3698,0
3697,0
3696,2
3695,2
3694,0
3693,9
3692,10
3691,0
3690,1
3689,0
3688,2
3687,4
3686,9
3685,0
3684,0
3683,0
3682,0
3681,0
3680,0
3679,0
3678,0
3677,1
3676,1
3675,0
3674,0
3673,2
3672,0
3671,3
3670,1
3669,0
3668,6
3667,9
3666,1
3665,1
3664,0
3663,0
3662,0
3661,1
3660,0
3659,0
3658,0
3657,0
3656,5
3655,0
3654,0
3653,3
3652,10
3651,7
3650,0
3649,0
3648,0
3647,10
3646,0
3645,0
3644,0
3643,0
3642,0
3641,0
3640,1
3639,0
3638,0
3637,0
3636,7
3635,4
3634,0
3633,1
3632,0
3631,10
3630,1
3629,2
3628,0
3627,5
3626,0
3625,1
3624,8
3623,0
3622,0
3621,0
3620,0
3619,1
3618,0
3617,1
3616,1
3615,0
3614,0
3613,6
3612,0
3611,10
3610,4
3609,0
3608,0
3607,1
3606,9
3605,0
3604,1
3603,0
3602,0
3601,9
3600,6
3599,0
3598,0
3597,0
3596,0
3595,0
3594,0
3593,0
3592,6
3591,10
3590,0
3589,3
3588,0
3587,0
3586,1
3585,0
3584,0
3583,0
3582,0
3581,1
3580,0
3579,2
3578,0
3577,3
3576,7
3575,0
3574,1
3573,4
3572,1
3571,0
3570,0
3569,0
3568,0
3567,1
3566,7
3565,2
3564,0
3563,0
3562,1
3561,0
3560,2
3559,0
3558,0
3557,2
3556,1
3555,2
3554,0
3553,3
3552,0
3551,0
3550,0
3549,6
3548,9
3547,8
3546,0
3545,9
3544,0
3543,0
3542,0
3541,0
3540,0
3539,2
3538,3
3537,0
3536,0
3535,0
3534,0
3533,0
3532,0
3531,1
3530,0
3529,2
3528,0
3527,1
3526,0
3525,1
3524,10
3523,2
3522,9
3521,0
3520,0
3519,0
3518,2
3517,0
3516,2
3515,10
3514,10
3513,7
3512,0
3511,0
3510,0
3509,0
3508,0
3507,2
3506,2
3505,0
3504,0
3503,7
3502,0
3501,0
3500,0
3499,0
3498,0
3497,0
3496,0
3495,0
3494,1
3493,0
3492,1
3491,0
3490,5
3489,0
3488,0
3487,0
3486,0
3485,2
3484,1
3483,0
3482,4
3481,8
3480,0
3479,6
3478,0
3477,0
3476,9
3475,0
3474,0
3473,0
3472,0
3471,0
3470,1
3469,1
3468,0
3467,0
3466,2
3465,1
3464,0
3463,1
3462,0
3461,0
3460,0
3459,3
3458,0
3457,0
3456,0
3455,0
3454,7
3453,0
3452,4
3451,0
3450,1
3449,2
3448,0
3447,0
3446,0
3445,0
3444,0
3443,5
3442,5
3441,0
3440,10
3439,0
3438,0
3437,0
3436,0
3435,1
3434,0
3433,0
3432,0
3431,7
3430,0
3429,0
3428,0
3427,0
3426,1
3425,10
3424,1
3423,0
3422,0
3421,0
3420,0
3419,4
3418,9
3417,0
3416,0
3415,0
3414,0
3413,0
3412,10
3411,0
3410,0
3409,0
3408,0
3407,0
3406,7
3405,2
3404,2
3403,7
3402,0
3401,0
3400,1
3399,1
3398,0
3397,0
3396,0
3395,0
3394,0
3393,7
3392,10
3391,10
3390,0
3389,6
3388,0
3387,1
3386,1
3385,0
3384,1
3383,0
3382,10
3381,7
3380,0
3379,1
3378,4
3377,9
3376,3
3375,4
3374,1
3373,10
3372,10
3371,0
3370,0
3369,0
3368,0
3367,2
3366,1
3365,0
3364,0
3363,10
3362,0
3361,7
3360,0
3359,0
3358,8
3357,0
3356,0
3355,7
3354,0
3353,8
3352,7
3351,0
3350,0
3349,0
3348,1
3347,0
3346,0
3345,0
3344,9
3343,2
3342,0
3341,0
3340,0
3339,7
3338,0
3337,0
3336,6
3335,0
3334,0
3333,0
3332,6
3331,0
3330,1
3329,0
3328,5
3327,3
3326,10
3325,0
3324,7
3323,1
3322,0
3321,6
3320,0
3319,0
3318,0
3317,0
3316,10
3315,0
3314,0
3313,0
3312,0
3311,0
3310,1
3309,0
3308,0
3307,0
3306,9
3305,9
3304,0
3303,0
3302,0
3301,2
3300,0
3299,0
3298,0
3297,1
3296,2
3295,1
3294,10
3293,2
3292,0
3291,0
3290,0
3289,0
3288,3
3287,2
3286,0
3285,0
3284,0
3283,0
3282,4
3281,0
3280,0
3279,10
3278,0
3277,0
3276,0
3275,0
3274,0
3273,4
3272,1
3271,0
3270,0
3269,5
3268,1
3267,0
3266,0
3265,0
3264,0
3263,1
3262,1
3261,0
3260,0
3259,0
3258,10
3257,3
3256,0
3255,0
3254,9
3253,10
3252,0
3251,5
3250,0
3249,1
3248,9
3247,0
3246,2
3245,0
3244,0
3243,8
3242,0
3241,0
3240,1
3239,0
3238,0
3237,1
3236,0
3235,0
3234,0
3233,9
3232,2
3231,0
3230,0
3229,6
3228,0
3227,0
3226,0
3225,1
3224,1
3223,0
3222,1
3221,3
3220,1
3219,10
3218,0
3217,0
3216,4
3215,0
3214,0
3213,1
3212,0
3211,0
3210,0
3209,0
3208,0
3207,0
3206,0
3205,0
3204,0
3203,0
3202,5
3201,0
3200,0
3199,0
3198,0
3197,1
3196,0
3195,8
3194,0
3193,0
3192,0
3191,0
3190,3
3189,4
3188,0
3187,0
3186,10
3185,1
3184,1
3183,0
3182,0
3181,3
3180,0
3179,1
3178,9
3177,7
3176,0
3175,0
3174,2
3173,0
3172,3
3171,2
3170,0
3169,2
3168,0
3167,10
3166,1
3165,0
3164,0
3163,0
3162,0
3161,10
3160,0
3159,1
3158,0
3157,2
3156,0
3155,0
3154,0
3153,0
3152,0
3151,1
3150,0
3149,3
3148,0
3147,0
3146,0
3145,0
3144,0
3143,0
3142,0
3141,9
3140,0
3139,1
3138,0
3137,0
3136,0
3135,0
3134,0
3133,0
3132,0
3131,1
3130,10
3129,1
3128,9
3127,10
3126,7
3125,0
3124,2
3123,4
3122,1
3121,0
3120,0
3119,7
3118,0
3117,0
3116,0
3115,0
3114,0
3113,10
3112,0
3111,0
3110,2
3109,2
3108,0
3107,8
3106,0
3105,1
3104,0
3103,2
3102,0
3101,6
3100,0
3099,9
3098,0
3097,1
3096,0
3095,10
3094,7
3093,6
3092,0
3091,6
3090,0
3089,3
3088,0
3087,2
3086,10
3085,0
3084,0
3083,0
3082,1
3081,9
3080,8
3079,2
3078,0
3077,7
3076,0
3075,10
3074,0
3073,0
3072,0
3071,0
3070,0
3069,2
3068,0
3067,3
3066,0
3065,1
3064,0
3063,10
3062,0
3061,0
3060,10
3059,6
3058,10
3057,1
3056,0
3055,9
3054,0
3053,2
3052,0
3051,4
3050,10
3049,0
3048,7
3047,0
3046,10
3045,0
3044,0
3043,7
3042,0
3041,5
3040,2
3039,1
3038,0
3037,0
3036,2
3035,6
3034,0
3033,0
3032,1
3031,1
3030,0
3029,8
3028,0
3027,0
3026,1
3025,0
3024,10
3023,2
3022,9
3021,3
3020,0
3019,2
3018,0
3017,5
3016,2
3015,2
3014,9
3013,10
3012,0
3011,0
3010,0
3009,0
3008,0
3007,1
3006,3
3005,0
3004,0
3003,0
3002,3
3001,0
3000,9
2999,0
2998,0
2997,1
2996,0
2995,0
2994,0
2993,9
2992,0
2991,0
2990,0
2989,1
2988,8
2987,1
2986,10
2985,0
2984,10
2983,2
2982,0
2981,6
2980,5
2979,1
2978,0
2977,0
2976,1
2975,1
2974,2
2973,0
2972,1
2971,0
2970,0
2969,0
2968,0
2967,9
2966,0
2965,0
2964,0
2963,5
2962,7
2961,6
2960,0
2959,1
2958,1
2957,1
2956,6
2955,10
2954,1
2953,0
2952,7
2951,3
2950,6
2949,0
2948,0
2947,3
2946,0
2945,10
2944,0
2943,0
2942,0
2941,0
2940,0
2939,2
2938,5
2937,1
2936,0
2935,0
2934,0
2933,0
2932,5
2931,10
2930,0
2929,0
2928,0
2927,0
2926,0
2925,0
2924,10
2923,0
2922,3
2921,1
2920,1
2919,9
2918,10
2917,3
2916,0
2915,1
2914,2
2913,0
2912,7
2911,0
2910,0
2909,1
2908,0
2907,0
2906,0
2905,0
2904,0
2903,0
2902,8
2901,3
2900,0
2899,2
2898,9
2897,0
2896,1
2895,0
2894,2
2893,2
2892,0
2891,2
2890,0
2889,0
2888,9
2887,0
2886,0
2885,0
2884,2
2883,0
2882,0
2881,10
2880,2
2879,1
2878,0
2877,1
2876,1
2875,0
2874,0
2873,0
2872,0
2871,0
2870,0
2869,0
2868,1
2867,9
2866,0
2865,0
2864,10
2863,1
2862,0
2861,0
2860,0
2859,0
2858,0
2857,0
2856,9
2855,0
2854,1
2853,0
2852,0
2851,0
2850,10
2849,0
2848,0
2847,0
2846,0
2845,7
2844,5
2843,0
2842,0
2841,8
2840,0
2839,0
2838,1
2837,0
2836,0
2835,0
2834,10
2833,0
2832,0
2831,0
2830,0
2829,5
2828,0
2827,0
2826,1
2825,1
2824,5
2823,9
2822,0
2821,5
2820,0
2819,0
2818,5
2817,0
2816,3
2815,10
2814,0
2813,0
2812,0
2811,1
2810,0
2809,0
2808,0
2807,7
2806,0
2805,6
2804,8
2803,0
2802,0
2801,0
2800,4
2799,7
2798,0
2797,0
2796,0
2795,0
2794,3
2793,1
2792,0
2791,7
2790,0
2789,0
2788,0
2787,0
2786,0
2785,8
2784,0
2783,7
2782,9
2781,0
2780,10
2779,0
2778,0
2777,0
2776,0
2775,0
2774,0
2773,0
2772,0
2771,0
2770,0
2769,0
2768,0
2767,6
2766,8
2765,0
2764,1
2763,0
2762,0
2761,10
2760,0
2759,2
2758,8
2757,0
2756,0
2755,6
2754,0
2753,3
2752,10
2751,1
2750,0
2749,0
2748,9
2747,0
2746,0
2745,0
2744,2
2743,0
2742,4
2741,6
2740,0
2739,0
2738,10
2737,0
2736,0
2735,7
2734,5
2733,0
2732,0
2731,0
2730,7
2729,0
2728,0
2727,2
2726,7
2725,1
2724,0
2723,6
2722,2
2721,0
2720,0
2719,0
2718,0
2717,0
2716,0
2715,6
2714,0
2713,0
2712,0
2711,6
2710,0
2709,0
2708,0
2707,1
2706,1
2705,1
2704,8
2703,0
2702,0
2701,2
2700,0
2699,0
2698,0
2697,7
2696,2
2695,0
2694,0
2693,9
2692,1
2691,1
2690,0
2689,7
2688,0
2687,0
2686,3
2685,2
2684,0
2683,0
2682,0
2681,1
2680,6
2679,10
2678,0
2677,9
2676,0
2675,0
2674,7
2673,10
2672,9
2671,0
2670,0
2669,0
2668,0
2667,0
2666,0
2665,2
2664,1
2663,0
2662,0
2661,0
2660,2
2659,0
2658,0
2657,7
2656,0
2655,1
2654,0
2653,1
2652,0
2651,0
2650,0
2649,0
2648,7
2647,7
2646,2
2645,0
2644,6
2643,10
2642,0
2641,0
2640,3
2639,0
2638,5
2637,0
2636,6
2635,0
2634,2
2633,0
2632,0
2631,0
2630,0
2629,6
2628,9
2627,0
2626,0
2625,0
2624,0
2623,0
2622,0
2621,0
2620,6
2619,0
2618,0
2617,0
2616,1
2615,0
2614,1
2613,10
2612,0
2611,1
2610,2
2609,6
2608,10
2607,0
2606,0
2605,10
2604,0
2603,0
2602,0
2601,0
2600,0
2599,0
2598,7
2597,0
2596,9
2595,0
2594,0
2593,2
2592,0
2591,0
2590,1
2589,0
2588,0
2587,0
2586,0
2585,0
2584,0
2583,3
2582,9
2581,0
2580,0
2579,0
2578,0
2577,8
2576,0
2575,0
2574,2
2573,0
2572,0
2571,0
2570,0
2569,2
2568,2
2567,1
2566,10
2565,0
2564,0
2563,0
2562,7
2561,0
2560,0
2559,0
2558,0
2557,0
2556,4
2555,0
2554,10
2553,2
2552,0
2551,0
2550,3
2549,0
2548,9
2547,8
2546,0
2545,0
2544,0
2543,8
2542,4
2541,0
2540,0
2539,0
2538,0
2537,6
2536,0
2535,0
2534,0
2533,7
2532,0
2531,0
2530,0
2529,1
2528,1
2527,0
2526,0
2525,0
2524,1
2523,0
2522,6
2521,0
2520,0
2519,0
2518,0
2517,8
2516,10
2515,0
2514,9
2513,1
2512,0
2511,6
2510,7
2509,0
2508,0
2507,0
2506,0
2505,10
2504,0
2503,0
2502,0
2501,3
2500,3
2499,0
2498,0
2497,0
2496,0
2495,8
2494,0
2493,1
2492,6
2491,0
2490,1
2489,3
2488,0
2487,0
2486,0
2485,0
2484,0
2483,0
2482,1
2481,0
2480,4
2479,0
2478,0
2477,1
2476,0
2475,0
2474,5
2473,0
2472,10
2471,0
2470,9
2469,0
2468,0
2467,1
2466,7
2465,0
2464,0
2463,0
2462,0
2461,0
2460,1
2459,10
2458,10
2457,0
2456,0
2455,10
2454,0
2453,0
2452,1
2451,1
2450,0
2449,0
2448,0
2447,0
2446,0
2445,0
2444,0
2443,0
2442,6
2441,0
2440,0
2439,0
2438,0
2437,0
2436,0
2435,0
2434,2
2433,4
2432,4
2431,0
2430,2
2429,0
2428,0
2427,0
2426,0
2425,0
2424,0
2423,2
2422,0
2421,0
2420,0
2419,0
2418,10
2417,2
2416,0
2415,2
2414,1
2413,0
2412,4
2411,0
2410,0
2409,0
2408,0
2407,0
2406,0
2405,0
2404,1
2403,9
2402,7
2401,0
2400,7
2399,0
2398,2
2397,3
2396,0
2395,0
2394,1
2393,1
2392,0
2391,0
2390,0
2389,9
2388,0
2387,0
2386,0
2385,0
2384,1
2383,2
2382,0
2381,7
2380,0
2379,2
2378,0
2377,0
2376,0
2375,0
2374,0
2373,2
2372,0
2371,0
2370,0
2369,9
2368,0
2367,0
2366,4
2365,0
2364,0
2363,7
2362,7
2361,0
2360,1
2359,0
2358,2
2357,4
2356,0
2355,5
2354,7
2353,2
2352,1
2351,0
2350,2
2349,0
2348,0
2347,0
2346,9
2345,0
2344,0
2343,0
2342,8
2341,0
2340,4
2339,3
2338,1
2337,0
2336,0
2335,10
2334,2
2333,8
2332,0
2331,0
2330,9
2329,0
2328,0
2327,0
2326,0
2325,0
2324,0
2323,0
2322,0
2321,0
2320,0
2319,0
2318,0
2317,0
2316,3
2315,5
2314,2
2313,0
2312,1
2311,4
2310,4
2309,4
2308,0
2307,0
2306,0
2305,2
2304,0
2303,0
2302,8
2301,0
2300,9
2299,0
2298,0
2297,0
2296,8
2295,0
2294,8
2293,0
2292,1
2291,0
2290,7
2289,7
2288,10
2287,0
2286,1
2285,0
2284,9
2283,0
2282,0
2281,0
2280,0
2279,0
2278,1
2277,0
2276,0
2275,0
2274,0
2273,0
2272,0
2271,10
2270,1
2269,0
2268,5
2267,1
2266,0
2265,0
2264,1
2263,0
2262,0
2261,0
2260,5
2259,0
2258,0
2257,2
2256,1
2255,10
2254,0
2253,9
2252,0
2251,0
2250,0
2249,0
2248,7
2247,0
2246,0
2245,0
2244,10
2243,1
2242,0
2241,0
2240,0
2239,1
2238,1
2237,1
2236,0
2235,3
2234,3
2233,7
2232,0
2231,0
2230,0
2229,0
2228,0
2227,0
2226,0
2225,1
2224,1
2223,0
2222,0
2221,8
2220,0
2219,0
2218,4
2217,0
2216,0
2215,0
2214,0
2213,0
2212,0
2211,0
2210,0
2209,10
2208,2
2207,7
2206,5
2205,0
2204,9
2203,0
2202,0
2201,1
2200,6
2199,0
2198,0
2197,1
2196,0
2195,0
2194,0
2193,2
2192,1
2191,0
2190,0
2189,0
2188,0
2187,0
2186,0
2185,1
2184,2
2183,0
2182,0
2181,0
2180,0
2179,7
2178,0
2177,1
2176,1
2175,7
2174,7
2173,0
2172,0
2171,0
2170,1
2169,0
2168,7
2167,0
2166,1
2165,2
2164,2
2163,7
2162,8
2161,7
2160,0
2159,0
2158,0
2157,0
2156,0
2155,2
2154,0
2153,1
2152,4
2151,0
2150,3
2149,0
2148,0
2147,0
2146,2
2145,0
2144,0
2143,0
2142,0
2141,9
2140,6
2139,0
2138,10
2137,0
2136,0
2135,2
2134,0
2133,8
2132,0
2131,0
2130,0
2129,1
2128,0
2127,0
2126,1
2125,0
2124,2
2123,10
2122,1
2121,0
2120,6
2119,0
2118,1
2117,1
2116,1
2115,8
2114,0
2113,1
2112,3
2111,0
2110,1
2109,0
2108,1
2107,10
2106,2
2105,0
2104,10
2103,0
2102,9
2101,0
2100,2
2099,0
2098,0
2097,9
2096,0
2095,0
2094,9
2093,1
2092,0
2091,0
2090,0
2089,2
2088,10
2087,4
2086,0
2085,0
2084,2
2083,0
2082,0
2081,0
2080,0
2079,5
2078,0
2077,0
2076,0
2075,0
2074,8
2073,0
2072,1
2071,0
2070,2
2069,0
2068,0
2067,0
2066,1
2065,0
2064,0
2063,2
2062,0
2061,0
2060,8
2059,7
2058,7
2057,0
2056,0
2055,0
2054,0
2053,2
2052,10
2051,2
2050,0
2049,8
2048,0
2047,0
2046,0
2045,0
2044,0
2043,2
2042,0
2041,0
2040,0
2039,0
2038,0
2037,0
2036,1
2035,0
2034,2
2033,6
2032,0
2031,0
2030,2
2029,0
2028,10
2027,10
2026,5
2025,0
2024,0
2023,0
2022,0
2021,0
2020,0
2019,3
2018,1
2017,0
2016,3
2015,1
2014,0
2013,0
2012,1
2011,0
2010,0
2009,2
2008,0
2007,0
2006,6
2005,10
2004,0
2003,2
2002,0
2001,0
2000,0
1999,3
1998,0
1997,0
1996,1
1995,2
1994,0
1993,0
1992,0
1991,0
1990,0
1989,0
1988,7
1987,0
1986,1
1985,2
1984,0
1983,7
1982,10
1981,0
1980,1
1979,2
1978,10
1977,2
1976,0
1975,0
1974,0
1973,3
1972,0
1971,10
1970,0
1969,2
1968,0
1967,9
1966,0
1965,0
1964,0
1963,1
1962,0
1961,1
1960,0
1959,10
1958,0
1957,0
1956,0
1955,0
1954,8
1953,0
1952,0
1951,0
1950,2
1949,10
1948,0
1947,0
1946,0
1945,0
1944,0
1943,0
1942,2
1941,10
1940,10
1939,1
1938,0
1937,6
1936,0
1935,0
1934,1
1933,0
1932,0
1931,0
1930,9
1929,2
1928,0
1927,0
1926,0
1925,1
1924,0
1923,0
1922,6
1921,10
1920,0
1919,1
1918,0
1917,1
1916,0
1915,0
1914,0
1913,0
1912,0
1911,0
1910,0
1909,0
1908,10
1907,0
1906,6
1905,4
1904,5
1903,4
1902,0
1901,0
1900,0
1899,0
1898,0
1897,10
1896,0
1895,0
1894,0
1893,0
1892,1
1891,0
1890,1
1889,8
1888,0
1887,10
1886,0
1885,0
1884,0
1883,1
1882,1
1881,0
1880,0
1879,0
1878,0
1877,0
1876,0
1875,0
1874,0
1873,3
1872,1
1871,0
1870,1
1869,0
1868,2
1867,3
1866,0
1865,0
1864,0
1863,1
1862,0
1861,0
1860,3
1859,0
1858,1
1857,0
1856,3
1855,1
1854,0
1853,0
1852,0
1851,0
1850,0
1849,0
1848,1
1847,0
1846,0
1845,0
1844,0
1843,3
1842,10
1841,0
1840,0
1839,0
1838,0
1837,2
1836,0
1835,0
1834,2
1833,1
1832,0
1831,7
1830,1
1829,0
1828,0
1827,0
1826,0
1825,0
1824,0
1823,0
1822,1
1821,6
1820,0
1819,1
1818,9
1817,0
1816,7
1815,0
1814,0
1813,0
1812,2
1811,0
1810,0
1809,3
1808,0
1807,0
1806,0
1805,0
1804,10
1803,0
1802,0
1801,1
1800,1
1799,0
1798,1
1797,8
1796,0
1795,0
1794,0
1793,9
1792,0
1791,5
1790,0
1789,2
1788,0
1787,0
1786,0
1785,4
1784,0
1783,10
1782,2
1781,0
1780,1
1779,0
1778,10
1777,0
1776,0
1775,0
1774,2
1773,0
1772,0
1771,0
1770,1
1769,0
1768,0
1767,0
1766,10
1765,9
1764,0
1763,7
1762,0
1761,0
1760,0
1759,0
1758,0
1757,0
1756,6
1755,1
1754,0
1753,0
1752,0
1751,7
1750,0
1749,7
1748,3
1747,3
1746,3
1745,0
1744,7
1743,2
1742,0
1741,0
1740,0
1739,0
1738,10
1737,4
1736,0
1735,1
1734,1
1733,10
1732,0
1731,0
1730,1
1729,0
1728,7
1727,1
1726,0
1725,4
1724,1
1723,0
1722,1
1721,0
1720,7
1719,0
1718,2
1717,3
1716,7
1715,10
1714,0
1713,0
1712,1
1711,7
1710,8
1709,1
1708,9
1707,0
1706,0
1705,0
1704,0
1703,0
1702,0
1701,8
1700,0
1699,0
1698,6
1697,0
1696,1
1695,0
1694,0
1693,1
1692,0
1691,0
1690,0
1689,10
1688,0
1687,0
1686,0
1685,0
1684,0
1683,0
1682,0
1681,3
1680,0
1679,0
1678,0
1677,0
1676,10
1675,3
1674,2
1673,3
1672,0
1671,8
1670,0
1669,7
1668,0
1667,0
1666,9
1665,0
1664,0
1663,9
1662,0
1661,4
1660,7
1659,5
1658,2
1657,0
1656,0
1655,2
1654,7
1653,0
1652,0
1651,6
1650,0
1649,0
1648,0
1647,0
1646,0
1645,0
1644,3
1643,0
1642,0
1641,0
1640,3
1639,0
1638,0
1637,0
1636,0
1635,2
1634,1
1633,0
1632,0
1631,0
1630,0
1629,0
1628,0
1627,5
1626,1
1625,0
1624,0
1623,0
1622,0
1621,1
1620,0
1619,0
1618,2
1617,0
1616,1
1615,1
1614,1
1613,10
1612,1
1611,7
1610,1
1609,2
1608,0
1607,0
1606,10
1605,0
1604,0
1603,2
1602,0
1601,1
1600,0
1599,2
1598,1
1597,0
1596,0
1595,0
1594,1
1593,9
1592,0
1591,0
1590,0
1589,0
1588,0
1587,0
1586,2
1585,0
1584,10
1583,1
1582,0
1581,7
1580,0
1579,6
1578,7
1577,10
1576,1
1575,0
1574,4
1573,0
1572,1
1571,0
1570,3
1569,9
1568,7
1567,1
1566,0
1565,0
1564,0
1563,4
1562,9
1561,0
1560,0
1559,0
1558,0
1557,0
1556,0
1555,3
1554,1
1553,1
1552,10
1551,0
1550,0
1549,0
1548,7
1547,8
1546,0
1545,0
1544,10
1543,8
1542,1
1541,1
1540,0
1539,0
1538,0
1537,0
1536,2
1535,0
1534,0
1533,0
1532,0
1531,0
1530,4
1529,0
1528,10
1527,1
1526,8
1525,0
1524,0
1523,0
1522,0
1521,5
1520,0
1519,0
1518,0
1517,0
1516,0
1515,9
1514,2
1513,0
1512,0
1511,2
1510,0
1509,0
1508,0
1507,10
1506,4
1505,0
1504,9
1503,2
1502,0
1501,7
1500,0
1499,5
1498,3
1497,0
1496,6
1495,1
1494,0
1493,10
1492,0
1491,0
1490,0
1489,0
1488,6
1487,6
1486,0
1485,7
1484,9
1483,0
1482,0
1481,5
1480,0
1479,0
1478,0
1477,0
1476,0
1475,0
1474,0
1473,6
1472,0
1471,0
1470,0
1469,1
1468,0
1467,6
1466,0
1465,0
1464,6
1463,0
1462,0
1461,0
1460,0
1459,0
1458,0
1457,0
1456,9
1455,0
1454,3
1453,0
1452,0
1451,1
1450,6
1449,4
1448,0
1447,7
1446,0
1445,9
1444,8
1443,0
1442,0
1441,0
1440,8
1439,0
1438,3
1437,6
1436,0
1435,0
1434,0
1433,0
1432,0
1431,0
1430,4
1429,1
1428,1
1427,0
1426,10
1425,7
1424,0
1423,1
1422,10
1421,4
1420,0
1419,1
1418,1
1417,0
1416,2
1415,0
1414,0
1413,1
1412,1
1411,0
1410,0
1409,7
1408,0
1407,6
1406,0
1405,0
1404,7
1403,3
1402,0
1401,10
1400,7
1399,0
1398,5
1397,1
1396,0
1395,0
1394,0
1393,10
1392,5
1391,0
1390,0
1389,0
1388,0
1387,7
1386,0
1385,1
1384,0
1383,0
1382,0
1381,0
1380,0
1379,10
1378,0
1377,0
1376,7
1375,3
1374,0
1373,0
1372,0
1371,0
1370,7
1369,2
1368,0
1367,0
1366,0
1365,4
1364,0
1363,6
1362,0
1361,0
1360,10
1359,6
1358,0
1357,0
1356,0
1355,5
1354,0
1353,4
1352,0
1351,0
1350,0
1349,0
1348,0
1347,0
1346,7
1345,0
1344,1
1343,1
1342,0
1341,0
1340,0
1339,0
1338,0
1337,2
1336,0
1335,0
1334,10
1333,2
1332,0
1331,0
1330,1
1329,0
1328,0
1327,2
1326,0
1325,4
1324,0
1323,3
1322,0
1321,0
1320,9
1319,0
1318,0
1317,9
1316,1
1315,0
1314,1
1313,0
1312,0
1311,0
1310,6
1309,0
1308,0
1307,3
1306,10
1305,0
1304,0
1303,1
1302,8
1301,1
1300,0
1299,0
1298,3
1297,0
1296,10
1295,0
1294,0
1293,0
1292,2
1291,0
1290,0
1289,0
1288,5
1287,0
1286,0
1285,0
1284,4
1283,2
1282,0
1281,0
1280,0
1279,0
1278,4
1277,2
1276,0
1275,1
1274,0
1273,1
1272,3
1271,2
1270,3
1269,10
1268,4
1267,0
1266,0
1265,0
1264,0
1263,0
1262,10
1261,0
1260,0
1259,1
1258,1
1257,0
1256,0
1255,0
1254,0
1253,7
1252,10
1251,0
1250,0
1249,0
1248,6
1247,0
1246,0
1245,0
1244,0
1243,1
1242,8
1241,9
1240,0
1239,1
1238,1
1237,9
1236,0
1235,1
1234,2
1233,0
1232,0
1231,0
1230,3
1229,2
1228,0
1227,0
1226,0
1225,0
1224,1
1223,0
1222,1
1221,0
1220,6
1219,10
1218,0
1217,0
1216,0
1215,0
1214,3
1213,0
1212,6
1211,2
1210,8
1209,2
1208,0
1207,0
1206,0
1205,4
1204,0
1203,0
1202,0
1201,0
1200,3
1199,9
1198,0
1197,0
1196,7
1195,9
1194,0
1193,0
1192,10
1191,0
1190,1
1189,2
1188,7
1187,5
1186,0
1185,0
1184,7
1183,0
1182,0
1181,0
1180,5
1179,0
1178,0
1177,9
1176,0
1175,0
1174,2
1173,9
1172,0
1171,1
1170,7
1169,0
1168,0
1167,0
1166,6
1165,1
1164,0
1163,0
1162,0
1161,0
1160,0
1159,0
1158,2
1157,0
1156,3
1155,1
1154,0
1153,3
1152,7
1151,0
1150,0
1149,0
1148,9
1147,9
1146,0
1145,0
1144,0
1143,0
1142,0
1141,0
1140,0
1139,0
1138,0
1137,0
1136,0
1135,1
1134,0
1133,0
1132,0
1131,0
1130,0
1129,3
1128,6
1127,0
1126,0
1125,7
1124,6
1123,2
1122,5
1121,0
1120,0
1119,10
1118,0
1117,1
1116,2
1115,0
1114,6
1113,0
1112,0
1111,1
1110,0
1109,3
1108,1
1107,0
1106,0
1105,0
1104,0
1103,0
1102,9
1101,0
1100,0
1099,0
1098,0
1097,0
1096,1
1095,0
1094,0
1093,9
1092,0
1091,0
1090,0
1089,0
1088,0
1087,2
1086,0
1085,0
1084,9
1083,0
1082,5
1081,9
1080,1
1079,7
1078,0
1077,0
1076,2
1075,0
1074,0
1073,0
1072,9
1071,0
1070,1
1069,4
1068,0
1067,2
1066,9
1065,8
1064,0
1063,10
1062,1
1061,0
1060,8
1059,0
1058,9
1057,4
1056,0
1055,0
1054,0
1053,0
1052,3
1051,0
1050,9
1049,2
1048,0
1047,2
1046,0
1045,1
1044,0
1043,6
1042,0
1041,1
1040,0
1039,0
1038,0
1037,0
1036,7
1035,0
1034,0
1033,0
1032,1
1031,6
1030,0
1029,0
1028,0
1027,1
1026,0
1025,1
1024,1
1023,8
1022,0
1021,0
1020,1
1019,2
1018,1
1017,0
1016,2
1015,0
1014,1
1013,3
1012,7
1011,0
1010,0
1009,9
1008,0
1007,1
1006,2
1005,0
1004,7
1003,0
1002,0
1001,0
1000,0
999,2
998,0
997,0
996,9
995,0
994,0
993,6
992,0
991,0
990,0
989,1
988,3
987,0
986,0
985,2
984,0
983,0
982,10
981,0
980,0
979,0
978,0
977,0
976,0
975,2
974,0
973,0
972,2
971,0
970,0
969,1
968,1
967,7
966,1
965,0
964,6
963,10
962,6
961,0
960,0
959,0
958,1
957,3
956,0
955,0
954,0
953,2
952,0
951,9
950,0
949,10
948,0
947,0
946,0
945,0
944,0
943,0
942,8
941,0
940,0
939,0
938,0
937,0
936,0
935,6
934,1
933,0
932,2
931,0
930,6
929,2
928,7
927,1
926,2
925,0
924,1
923,0
922,0
921,0
920,10
919,0
918,0
917,9
916,0
915,0
914,0
913,0
912,1
911,0
910,0
909,0
908,0
907,0
906,0
905,0
904,1
903,0
902,0
901,1
900,0
899,0
898,0
897,0
896,0
895,9
894,1
893,1
892,0
891,0
890,2
889,0
888,10
887,9
886,0
885,8
884,4
883,0
882,0
881,0
880,0
879,9
878,6
877,4
876,0
875,0
874,0
873,3
872,0
871,0
870,0
869,2
868,0
867,2
866,0
865,0
864,1
863,1
862,0
861,0
860,0
859,4
858,1
857,0
856,7
855,0
854,10
853,3
852,10
851,1
850,0
849,0
848,10
847,1
846,0
845,0
844,0
843,0
842,0
841,0
840,0
839,0
838,0
837,1
836,0
835,0
834,0
833,1
832,0
831,3
830,0
829,0
828,0
827,0
826,0
825,9
824,9
823,1
822,0
821,0
820,0
819,0
818,0
817,0
816,0
815,0
814,0
813,5
812,1
811,10
810,7
809,2
808,0
807,8
806,0
805,5
804,0
803,0
802,0
801,0
800,0
799,2
798,0
797,0
796,0
795,3
794,0
793,0
792,9
791,0
790,0
789,0
788,0
787,3
786,5
785,2
784,0
783,1
782,6
781,1
780,0
779,0
778,0
777,4
776,9
775,10
774,0
773,0
772,0
771,2
770,0
769,5
768,0
767,0
766,0
765,0
764,0
763,0
762,0
761,0
760,4
759,7
758,1
757,0
756,0
755,0
754,2
753,0
752,8
751,10
750,0
749,7
748,7
747,0
746,9
745,0
744,7
743,6
742,7
741,0
740,0
739,0
738,0
737,9
736,0
735,0
734,0
733,0
732,0
731,0
730,0
729,0
728,10
727,0
726,9
725,0
724,0
723,0
722,10
721,6
720,2
719,0
718,10
717,0
716,0
715,2
714,0
713,0
712,0
711,0
710,0
709,0
708,0
707,0
706,5
705,8
704,0
703,4
702,10
701,1
700,2
699,0
698,0
697,0
696,0
695,0
694,0
693,9
692,0
691,0
690,0
689,8
688,0
687,0
686,0
685,0
684,0
683,0
682,5
681,6
680,2
679,8
678,7
677,4
676,0
675,0
674,0
673,1
672,0
671,0
670,0
669,2
668,0
667,0
666,0
665,0
664,0
663,0
662,1
661,0
660,2
659,0
658,0
657,0
656,0
655,1
654,0
653,3
652,2
651,0
650,3
649,0
648,0
647,0
646,2
645,0
644,0
643,0
642,0
641,2
640,0
639,0
638,2
637,0
636,9
635,0
634,1
633,0
632,0
631,3
630,0
629,0
628,0
627,5
626,0
625,0
624,0
623,1
622,0
621,2
620,0
619,0
618,2
617,3
616,0
615,0
614,0
613,0
612,2
611,7
610,7
609,0
608,0
607,0
606,0
605,0
604,0
603,2
602,0
601,10
600,0
599,0
598,0
597,0
596,9
595,0
594,7
593,0
592,5
591,0
590,0
589,0
588,4
587,7
586,0
585,1
584,0
583,1
582,0
581,1
580,9
579,9
578,0
577,0
576,0
575,0
574,0
573,0
572,0
571,0
570,0
569,9
568,6
567,1
566,3
565,1
564,0
563,0
562,0
561,0
560,1
559,10
558,1
557,9
556,0
555,0
554,7
553,1
552,2
551,0
550,3
549,0
548,0
547,0
546,5
545,0
544,0
543,1
542,0
541,2
540,0
539,10
538,0
537,1
536,0
535,0
534,0
533,3
532,0
531,4
530,0
529,0
528,0
527,4
526,0
525,0
524,1
523,0
522,0
521,0
520,0
519,8
518,0
517,2
516,0
515,0
514,7
513,8
512,0
511,0
510,2
509,0
508,0
507,10
506,10
505,0
504,2
503,0
502,0
501,0
500,9
499,0
498,0
497,9
496,9
495,9
494,0
493,0
492,6
491,0
490,7
489,2
488,0
487,0
486,0
485,0
484,0
483,9
482,0
481,0
480,0
479,0
478,7
477,0
476,0
475,1
474,2
473,1
472,0
471,0
470,8
469,10
468,0
467,3
466,0
465,0
464,0
463,0
462,0
461,6
460,0
459,0
458,0
457,3
456,7
455,5
454,1
453,9
452,4
451,10
450,0
449,1
448,0
447,0
446,1
445,0
444,3
443,10
442,2
441,0
440,0
439,3
438,7
437,0
436,0
435,1
434,7
433,0
432,0
431,0
430,4
429,0
428,0
427,0
426,0
425,0
424,0
423,0
422,0
421,2
420,10
419,1
418,1
417,3
416,0
415,7
414,2
413,5
412,3
411,0
410,0
409,0
408,2
407,0
406,0
405,1
404,2
403,0
402,0
401,10
400,0
399,0
398,3
397,0
396,0
395,1
394,8
393,0
392,0
391,6
390,0
389,0
388,0
387,0
386,3
385,0
384,1
383,0
382,0
381,0
380,0
379,0
378,1
377,0
376,0
375,6
374,0
373,0
372,8
371,0
370,1
369,0
368,0
367,0
366,4
365,0
364,2
363,2
362,0
361,5
360,0
359,2
358,0
357,0
356,1
355,0
354,1
353,0
352,0
351,0
350,0
349,2
348,1
347,0
346,1
345,3
344,0
343,0
342,1
341,0
340,0
339,1
338,9
337,0
336,0
335,0
334,1
333,0
332,8
331,0
330,0
329,8
328,0
327,1
326,0
325,0
324,0
323,0
322,8
321,1
320,2
319,0
318,3
317,10
316,0
315,0
314,1
313,3
312,0
311,1
310,0
309,0
308,0
307,0
306,2
305,0
304,0
303,0
302,0
301,10
300,0
299,5
298,6
297,0
296,2
295,2
294,0
293,0
292,8
291,2
290,0
289,0
288,0
287,0
286,0
285,0
284,9
283,3
282,0
281,0
280,4
279,0
278,0
277,3
276,0
275,0
274,0
273,0
272,2
271,0
270,0
269,5
268,0
267,0
266,7
265,0
264,2
263,0
262,0
261,0
260,1
259,0
258,0
257,1
256,1
255,0
254,0
253,0
252,2
251,0
250,6
249,0
248,9
247,0
246,6
245,2
244,0
243,10
242,0
241,0
240,0
239,4
238,10
237,10
236,0
235,0
234,0
233,0
232,0
231,0
230,0
229,10
228,6
227,0
226,0
225,0
224,0
223,0
222,0
221,0
220,0
219,4
218,10
217,0
216,0
215,4
214,1
213,0
212,0
211,0
210,0
209,7
208,0
207,1
206,0
205,10
204,0
203,7
202,7
201,4
200,1
199,0
198,2
197,0
196,8
195,0
194,6
193,0
192,5
191,0
190,0
189,0
188,0
187,10
186,0
185,0
184,2
183,0
182,0
181,0
180,0
179,1
178,0
177,0
176,0
175,2
174,0
173,0
172,0
171,0
170,3
169,0
168,0
167,10
166,1
165,0
164,7
163,0
162,0
161,0
160,1
159,0
158,0
157,1
156,0
155,0
154,1
153,9
152,0
151,0
150,1
149,0
148,10
147,1
146,0
145,1
144,2
143,0
142,0
141,0
140,1
139,0
138,0
137,3
136,0
135,6
134,0
133,0
132,5
131,0
130,0
129,1
128,7
127,2
126,10
125,0
124,3
123,6
122,0
121,0
120,0
119,0
118,0
117,0
116,3
115,0
114,1
113,6
112,1
111,0
110,7
109,6
108,0
107,1
106,1
105,0
104,0
103,6
102,0
101,3
100,0
99,0
98,2
97,0
96,2
95,2
94,0
93,0
92,0
91,0
90,0
89,1
88,0
87,3
86,0
85,0
84,0
83,0
82,0
81,1
80,0
79,5
78,7
77,0
76,0
75,0
74,9
73,1
72,9
71,0
70,7
69,0
68,5
67,0
66,0
65,2
64,5
63,0
62,0
61,0
60,3
59,0
58,0
57,0
56,9
55,0
54,3
53,0
52,2
51,3
50,0
49,0
48,0
47,9
46,0
45,0
44,0
43,0
42,0
41,7
40,7
39,0
38,0
37,6
36,0
35,0
34,0
33,10
32,1
31,3
30,0
29,6
28,0
27,1
26,0
25,3
24,9
23,4
22,1
21,0
20,0
19,5
18,0
17,0
16,0
15,1
14,0
13,7
12,0
11,1
10,7
9,3
8,0
7,0
6,0
5,0
4,0
3,0
2,0
1,3
